등록시간,회원구분,회원매칭,신청자,면허번호,시군의사회,병원명,휴대전화,이메일,결제정보,거래번호,결제 금액,결제 진행 상태,결제 방식,등록 신청 일자,등록번호,식별기준,기본금액,선택금액,선택항목내역,등록상태,필수평점,일반평점,관리자메모
1_1,2_1,3_1,테001,4_1,5_1,6_1,010-0000-0000,7_1,8_1,9_1,10_1,11_1,12_1,13_1,14_1,15_1,16_1,17_1,18_1,19_1,20_1,21_1,22_1
1_2,2_2,3_2,테002,4_2,5_2,6_2,010-0000-0001,7_2,8_2,9_2,10_2,11_2,12_2,13_2,14_2,15_2,16_2,17_2,18_2,19_2,20_2,21_2,22_2
1_3,2_3,3_3,테003,4_3,5_3,6_3,010-0000-0002,7_3,8_3,9_3,10_3,11_3,12_3,13_3,14_3,15_3,16_3,17_3,18_3,19_3,20_3,21_3,22_3
1_4,2_4,3_4,테004,4_4,5_4,6_4,010-0000-0003,7_4,8_4,9_4,10_4,11_4,12_4,13_4,14_4,15_4,16_4,17_4,18_4,19_4,20_4,21_4,22_4
1_5,2_5,3_5,테005,4_5,5_5,6_5,010-0000-0004,7_5,8_5,9_5,10_5,11_5,12_5,13_5,14_5,15_5,16_5,17_5,18_5,19_5,20_5,21_5,22_5
1_6,2_6,3_6,테006,4_6,5_6,6_6,010-0000-0005,7_6,8_6,9_6,10_6,11_6,12_6,13_6,14_6,15_6,16_6,17_6,18_6,19_6,20_6,21_6,22_6
1_7,2_7,3_7,테007,4_7,5_7,6_7,010-0000-0006,7_7,8_7,9_7,10_7,11_7,12_7,13_7,14_7,15_7,16_7,17_7,18_7,19_7,20_7,21_7,22_7
1_8,2_8,3_8,테008,4_8,5_8,6_8,010-0000-0007,7_8,8_8,9_8,10_8,11_8,12_8,13_8,14_8,15_8,16_8,17_8,18_8,19_8,20_8,21_8,22_8
1_9,2_9,3_9,테009,4_9,5_9,6_9,010-0000-0008,7_9,8_9,9_9,10_9,11_9,12_9,13_9,14_9,15_9,16_9,17_9,18_9,19_9,20_9,21_9,22_9
1_10,2_10,3_10,테010,4_10,5_10,6_10,010-0000-0009,7_10,8_10,9_10,10_10,11_10,12_10,13_10,14_10,15_10,16_10,17_10,18_10,19_10,20_10,21_10,22_10
1_11,2_11,3_11,테011,4_11,5_11,6_11,010-0000-0010,7_11,8_11,9_11,10_11,11_11,12_11,13_11,14_11,15_11,16_11,17_11,18_11,19_11,20_11,21_11,22_11
1_12,2_12,3_12,테012,4_12,5_12,6_12,010-0000-0011,7_12,8_12,9_12,10_12,11_12,12_12,13_12,14_12,15_12,16_12,17_12,18_12,19_12,20_12,21_12,22_12
1_13,2_13,3_13,테013,4_13,5_13,6_13,010-0000-0012,7_13,8_13,9_13,10_13,11_13,12_13,13_13,14_13,15_13,16_13,17_13,18_13,19_13,20_13,21_13,22_13
1_14,2_14,3_14,테014,4_14,5_14,6_14,010-0000-0013,7_14,8_14,9_14,10_14,11_14,12_14,13_14,14_14,15_14,16_14,17_14,18_14,19_14,20_14,21_14,22_14
1_15,2_15,3_15,테015,4_15,5_15,6_15,010-0000-0014,7_15,8_15,9_15,10_15,11_15,12_15,13_15,14_15,15_15,16_15,17_15,18_15,19_15,20_15,21_15,22_15
1_16,2_16,3_16,테016,4_16,5_16,6_16,010-0000-0015,7_16,8_16,9_16,10_16,11_16,12_16,13_16,14_16,15_16,16_16,17_16,18_16,19_16,20_16,21_16,22_16
1_17,2_17,3_17,테017,4_17,5_17,6_17,010-0000-0016,7_17,8_17,9_17,10_17,11_17,12_17,13_17,14_17,15_17,16_17,17_17,18_17,19_17,20_17,21_17,22_17
1_18,2_18,3_18,테018,4_18,5_18,6_18,010-0000-0017,7_18,8_18,9_18,10_18,11_18,12_18,13_18,14_18,15_18,16_18,17_18,18_18,19_18,20_18,21_18,22_18
1_19,2_19,3_19,테019,4_19,5_19,6_19,010-0000-0018,7_19,8_19,9_19,10_19,11_19,12_19,13_19,14_19,15_19,16_19,17_19,18_19,19_19,20_19,21_19,22_19
1_20,2_20,3_20,테020,4_20,5_20,6_20,010-0000-0019,7_20,8_20,9_20,10_20,11_20,12_20,13_20,14_20,15_20,16_20,17_20,18_20,19_20,20_20,21_20,22_20
1_21,2_21,3_21,테021,4_21,5_21,6_21,010-0000-0020,7_21,8_21,9_21,10_21,11_21,12_21,13_21,14_21,15_21,16_21,17_21,18_21,19_21,20_21,21_21,22_21
1_22,2_22,3_22,테022,4_22,5_22,6_22,010-0000-0021,7_22,8_22,9_22,10_22,11_22,12_22,13_22,14_22,15_22,16_22,17_22,18_22,19_22,20_22,21_22,22_22
1_23,2_23,3_23,테023,4_23,5_23,6_23,010-0000-0022,7_23,8_23,9_23,10_23,11_23,12_23,13_23,14_23,15_23,16_23,17_23,18_23,19_23,20_23,21_23,22_23
1_24,2_24,3_24,테024,4_24,5_24,6_24,010-0000-0023,7_24,8_24,9_24,10_24,11_24,12_24,13_24,14_24,15_24,16_24,17_24,18_24,19_24,20_24,21_24,22_24
1_25,2_25,3_25,테025,4_25,5_25,6_25,010-0000-0024,7_25,8_25,9_25,10_25,11_25,12_25,13_25,14_25,15_25,16_25,17_25,18_25,19_25,20_25,21_25,22_25
1_26,2_26,3_26,테026,4_26,5_26,6_26,010-0000-0025,7_26,8_26,9_26,10_26,11_26,12_26,13_26,14_26,15_26,16_26,17_26,18_26,19_26,20_26,21_26,22_26
1_27,2_27,3_27,테027,4_27,5_27,6_27,010-0000-0026,7_27,8_27,9_27,10_27,11_27,12_27,13_27,14_27,15_27,16_27,17_27,18_27,19_27,20_27,21_27,22_27
1_28,2_28,3_28,테028,4_28,5_28,6_28,010-0000-0027,7_28,8_28,9_28,10_28,11_28,12_28,13_28,14_28,15_28,16_28,17_28,18_28,19_28,20_28,21_28,22_28
1_29,2_29,3_29,테029,4_29,5_29,6_29,010-0000-0028,7_29,8_29,9_29,10_29,11_29,12_29,13_29,14_29,15_29,16_29,17_29,18_29,19_29,20_29,21_29,22_29
1_30,2_30,3_30,테030,4_30,5_30,6_30,010-0000-0029,7_30,8_30,9_30,10_30,11_30,12_30,13_30,14_30,15_30,16_30,17_30,18_30,19_30,20_30,21_30,22_30
1_31,2_31,3_31,테031,4_31,5_31,6_31,010-0000-0030,7_31,8_31,9_31,10_31,11_31,12_31,13_31,14_31,15_31,16_31,17_31,18_31,19_31,20_31,21_31,22_31
1_32,2_32,3_32,테032,4_32,5_32,6_32,010-0000-0031,7_32,8_32,9_32,10_32,11_32,12_32,13_32,14_32,15_32,16_32,17_32,18_32,19_32,20_32,21_32,22_32
1_33,2_33,3_33,테033,4_33,5_33,6_33,010-0000-0032,7_33,8_33,9_33,10_33,11_33,12_33,13_33,14_33,15_33,16_33,17_33,18_33,19_33,20_33,21_33,22_33
1_34,2_34,3_34,테034,4_34,5_34,6_34,010-0000-0033,7_34,8_34,9_34,10_34,11_34,12_34,13_34,14_34,15_34,16_34,17_34,18_34,19_34,20_34,21_34,22_34
1_35,2_35,3_35,테035,4_35,5_35,6_35,010-0000-0034,7_35,8_35,9_35,10_35,11_35,12_35,13_35,14_35,15_35,16_35,17_35,18_35,19_35,20_35,21_35,22_35
1_36,2_36,3_36,테036,4_36,5_36,6_36,010-0000-0035,7_36,8_36,9_36,10_36,11_36,12_36,13_36,14_36,15_36,16_36,17_36,18_36,19_36,20_36,21_36,22_36
1_37,2_37,3_37,테037,4_37,5_37,6_37,010-0000-0036,7_37,8_37,9_37,10_37,11_37,12_37,13_37,14_37,15_37,16_37,17_37,18_37,19_37,20_37,21_37,22_37
1_38,2_38,3_38,테038,4_38,5_38,6_38,010-0000-0037,7_38,8_38,9_38,10_38,11_38,12_38,13_38,14_38,15_38,16_38,17_38,18_38,19_38,20_38,21_38,22_38
1_39,2_39,3_39,테039,4_39,5_39,6_39,010-0000-0038,7_39,8_39,9_39,10_39,11_39,12_39,13_39,14_39,15_39,16_39,17_39,18_39,19_39,20_39,21_39,22_39
1_40,2_40,3_40,테040,4_40,5_40,6_40,010-0000-0039,7_40,8_40,9_40,10_40,11_40,12_40,13_40,14_40,15_40,16_40,17_40,18_40,19_40,20_40,21_40,22_40
1_41,2_41,3_41,테041,4_41,5_41,6_41,010-0000-0040,7_41,8_41,9_41,10_41,11_41,12_41,13_41,14_41,15_41,16_41,17_41,18_41,19_41,20_41,21_41,22_41
1_42,2_42,3_42,테042,4_42,5_42,6_42,010-0000-0041,7_42,8_42,9_42,10_42,11_42,12_42,13_42,14_42,15_42,16_42,17_42,18_42,19_42,20_42,21_42,22_42
1_43,2_43,3_43,테043,4_43,5_43,6_43,010-0000-0042,7_43,8_43,9_43,10_43,11_43,12_43,13_43,14_43,15_43,16_43,17_43,18_43,19_43,20_43,21_43,22_43
1_44,2_44,3_44,테044,4_44,5_44,6_44,010-0000-0043,7_44,8_44,9_44,10_44,11_44,12_44,13_44,14_44,15_44,16_44,17_44,18_44,19_44,20_44,21_44,22_44
1_45,2_45,3_45,테045,4_45,5_45,6_45,010-0000-0044,7_45,8_45,9_45,10_45,11_45,12_45,13_45,14_45,15_45,16_45,17_45,18_45,19_45,20_45,21_45,22_45
1_46,2_46,3_46,테046,4_46,5_46,6_46,010-0000-0045,7_46,8_46,9_46,10_46,11_46,12_46,13_46,14_46,15_46,16_46,17_46,18_46,19_46,20_46,21_46,22_46
1_47,2_47,3_47,테047,4_47,5_47,6_47,010-0000-0046,7_47,8_47,9_47,10_47,11_47,12_47,13_47,14_47,15_47,16_47,17_47,18_47,19_47,20_47,21_47,22_47
1_48,2_48,3_48,테048,4_48,5_48,6_48,010-0000-0047,7_48,8_48,9_48,10_48,11_48,12_48,13_48,14_48,15_48,16_48,17_48,18_48,19_48,20_48,21_48,22_48
1_49,2_49,3_49,테049,4_49,5_49,6_49,010-0000-0048,7_49,8_49,9_49,10_49,11_49,12_49,13_49,14_49,15_49,16_49,17_49,18_49,19_49,20_49,21_49,22_49
1_50,2_50,3_50,테050,4_50,5_50,6_50,010-0000-0049,7_50,8_50,9_50,10_50,11_50,12_50,13_50,14_50,15_50,16_50,17_50,18_50,19_50,20_50,21_50,22_50
1_51,2_51,3_51,테051,4_51,5_51,6_51,010-0000-0050,7_51,8_51,9_51,10_51,11_51,12_51,13_51,14_51,15_51,16_51,17_51,18_51,19_51,20_51,21_51,22_51
1_52,2_52,3_52,테052,4_52,5_52,6_52,010-0000-0051,7_52,8_52,9_52,10_52,11_52,12_52,13_52,14_52,15_52,16_52,17_52,18_52,19_52,20_52,21_52,22_52
1_53,2_53,3_53,테053,4_53,5_53,6_53,010-0000-0052,7_53,8_53,9_53,10_53,11_53,12_53,13_53,14_53,15_53,16_53,17_53,18_53,19_53,20_53,21_53,22_53
1_54,2_54,3_54,테054,4_54,5_54,6_54,010-0000-0053,7_54,8_54,9_54,10_54,11_54,12_54,13_54,14_54,15_54,16_54,17_54,18_54,19_54,20_54,21_54,22_54
1_55,2_55,3_55,테055,4_55,5_55,6_55,010-0000-0054,7_55,8_55,9_55,10_55,11_55,12_55,13_55,14_55,15_55,16_55,17_55,18_55,19_55,20_55,21_55,22_55
1_56,2_56,3_56,테056,4_56,5_56,6_56,010-0000-0055,7_56,8_56,9_56,10_56,11_56,12_56,13_56,14_56,15_56,16_56,17_56,18_56,19_56,20_56,21_56,22_56
1_57,2_57,3_57,테057,4_57,5_57,6_57,010-0000-0056,7_57,8_57,9_57,10_57,11_57,12_57,13_57,14_57,15_57,16_57,17_57,18_57,19_57,20_57,21_57,22_57
1_58,2_58,3_58,테058,4_58,5_58,6_58,010-0000-0057,7_58,8_58,9_58,10_58,11_58,12_58,13_58,14_58,15_58,16_58,17_58,18_58,19_58,20_58,21_58,22_58
1_59,2_59,3_59,테059,4_59,5_59,6_59,010-0000-0058,7_59,8_59,9_59,10_59,11_59,12_59,13_59,14_59,15_59,16_59,17_59,18_59,19_59,20_59,21_59,22_59
1_60,2_60,3_60,테060,4_60,5_60,6_60,010-0000-0059,7_60,8_60,9_60,10_60,11_60,12_60,13_60,14_60,15_60,16_60,17_60,18_60,19_60,20_60,21_60,22_60
1_61,2_61,3_61,테061,4_61,5_61,6_61,010-0000-0060,7_61,8_61,9_61,10_61,11_61,12_61,13_61,14_61,15_61,16_61,17_61,18_61,19_61,20_61,21_61,22_61
1_62,2_62,3_62,테062,4_62,5_62,6_62,010-0000-0061,7_62,8_62,9_62,10_62,11_62,12_62,13_62,14_62,15_62,16_62,17_62,18_62,19_62,20_62,21_62,22_62
1_63,2_63,3_63,테063,4_63,5_63,6_63,010-0000-0062,7_63,8_63,9_63,10_63,11_63,12_63,13_63,14_63,15_63,16_63,17_63,18_63,19_63,20_63,21_63,22_63
1_64,2_64,3_64,테064,4_64,5_64,6_64,010-0000-0063,7_64,8_64,9_64,10_64,11_64,12_64,13_64,14_64,15_64,16_64,17_64,18_64,19_64,20_64,21_64,22_64
1_65,2_65,3_65,테065,4_65,5_65,6_65,010-0000-0064,7_65,8_65,9_65,10_65,11_65,12_65,13_65,14_65,15_65,16_65,17_65,18_65,19_65,20_65,21_65,22_65
1_66,2_66,3_66,테066,4_66,5_66,6_66,010-0000-0065,7_66,8_66,9_66,10_66,11_66,12_66,13_66,14_66,15_66,16_66,17_66,18_66,19_66,20_66,21_66,22_66
1_67,2_67,3_67,테067,4_67,5_67,6_67,010-0000-0066,7_67,8_67,9_67,10_67,11_67,12_67,13_67,14_67,15_67,16_67,17_67,18_67,19_67,20_67,21_67,22_67
1_68,2_68,3_68,테068,4_68,5_68,6_68,010-0000-0067,7_68,8_68,9_68,10_68,11_68,12_68,13_68,14_68,15_68,16_68,17_68,18_68,19_68,20_68,21_68,22_68
1_69,2_69,3_69,테069,4_69,5_69,6_69,010-0000-0068,7_69,8_69,9_69,10_69,11_69,12_69,13_69,14_69,15_69,16_69,17_69,18_69,19_69,20_69,21_69,22_69
1_70,2_70,3_70,테070,4_70,5_70,6_70,010-0000-0069,7_70,8_70,9_70,10_70,11_70,12_70,13_70,14_70,15_70,16_70,17_70,18_70,19_70,20_70,21_70,22_70
1_71,2_71,3_71,테071,4_71,5_71,6_71,010-0000-0070,7_71,8_71,9_71,10_71,11_71,12_71,13_71,14_71,15_71,16_71,17_71,18_71,19_71,20_71,21_71,22_71
1_72,2_72,3_72,테072,4_72,5_72,6_72,010-0000-0071,7_72,8_72,9_72,10_72,11_72,12_72,13_72,14_72,15_72,16_72,17_72,18_72,19_72,20_72,21_72,22_72
1_73,2_73,3_73,테073,4_73,5_73,6_73,010-0000-0072,7_73,8_73,9_73,10_73,11_73,12_73,13_73,14_73,15_73,16_73,17_73,18_73,19_73,20_73,21_73,22_73
1_74,2_74,3_74,테074,4_74,5_74,6_74,010-0000-0073,7_74,8_74,9_74,10_74,11_74,12_74,13_74,14_74,15_74,16_74,17_74,18_74,19_74,20_74,21_74,22_74
1_75,2_75,3_75,테075,4_75,5_75,6_75,010-0000-0074,7_75,8_75,9_75,10_75,11_75,12_75,13_75,14_75,15_75,16_75,17_75,18_75,19_75,20_75,21_75,22_75
1_76,2_76,3_76,테076,4_76,5_76,6_76,010-0000-0075,7_76,8_76,9_76,10_76,11_76,12_76,13_76,14_76,15_76,16_76,17_76,18_76,19_76,20_76,21_76,22_76
1_77,2_77,3_77,테077,4_77,5_77,6_77,010-0000-0076,7_77,8_77,9_77,10_77,11_77,12_77,13_77,14_77,15_77,16_77,17_77,18_77,19_77,20_77,21_77,22_77
1_78,2_78,3_78,테078,4_78,5_78,6_78,010-0000-0077,7_78,8_78,9_78,10_78,11_78,12_78,13_78,14_78,15_78,16_78,17_78,18_78,19_78,20_78,21_78,22_78
1_79,2_79,3_79,테079,4_79,5_79,6_79,010-0000-0078,7_79,8_79,9_79,10_79,11_79,12_79,13_79,14_79,15_79,16_79,17_79,18_79,19_79,20_79,21_79,22_79
1_80,2_80,3_80,테080,4_80,5_80,6_80,010-0000-0079,7_80,8_80,9_80,10_80,11_80,12_80,13_80,14_80,15_80,16_80,17_80,18_80,19_80,20_80,21_80,22_80
1_81,2_81,3_81,테081,4_81,5_81,6_81,010-0000-0080,7_81,8_81,9_81,10_81,11_81,12_81,13_81,14_81,15_81,16_81,17_81,18_81,19_81,20_81,21_81,22_81
1_82,2_82,3_82,테082,4_82,5_82,6_82,010-0000-0081,7_82,8_82,9_82,10_82,11_82,12_82,13_82,14_82,15_82,16_82,17_82,18_82,19_82,20_82,21_82,22_82
1_83,2_83,3_83,테083,4_83,5_83,6_83,010-0000-0082,7_83,8_83,9_83,10_83,11_83,12_83,13_83,14_83,15_83,16_83,17_83,18_83,19_83,20_83,21_83,22_83
1_84,2_84,3_84,테084,4_84,5_84,6_84,010-0000-0083,7_84,8_84,9_84,10_84,11_84,12_84,13_84,14_84,15_84,16_84,17_84,18_84,19_84,20_84,21_84,22_84
1_85,2_85,3_85,테085,4_85,5_85,6_85,010-0000-0084,7_85,8_85,9_85,10_85,11_85,12_85,13_85,14_85,15_85,16_85,17_85,18_85,19_85,20_85,21_85,22_85
1_86,2_86,3_86,테086,4_86,5_86,6_86,010-0000-0085,7_86,8_86,9_86,10_86,11_86,12_86,13_86,14_86,15_86,16_86,17_86,18_86,19_86,20_86,21_86,22_86
1_87,2_87,3_87,테087,4_87,5_87,6_87,010-0000-0086,7_87,8_87,9_87,10_87,11_87,12_87,13_87,14_87,15_87,16_87,17_87,18_87,19_87,20_87,21_87,22_87
1_88,2_88,3_88,테088,4_88,5_88,6_88,010-0000-0087,7_88,8_88,9_88,10_88,11_88,12_88,13_88,14_88,15_88,16_88,17_88,18_88,19_88,20_88,21_88,22_88
1_89,2_89,3_89,테089,4_89,5_89,6_89,010-0000-0088,7_89,8_89,9_89,10_89,11_89,12_89,13_89,14_89,15_89,16_89,17_89,18_89,19_89,20_89,21_89,22_89
1_90,2_90,3_90,테090,4_90,5_90,6_90,010-0000-0089,7_90,8_90,9_90,10_90,11_90,12_90,13_90,14_90,15_90,16_90,17_90,18_90,19_90,20_90,21_90,22_90
1_91,2_91,3_91,테091,4_91,5_91,6_91,010-0000-0090,7_91,8_91,9_91,10_91,11_91,12_91,13_91,14_91,15_91,16_91,17_91,18_91,19_91,20_91,21_91,22_91
1_92,2_92,3_92,테092,4_92,5_92,6_92,010-0000-0091,7_92,8_92,9_92,10_92,11_92,12_92,13_92,14_92,15_92,16_92,17_92,18_92,19_92,20_92,21_92,22_92
1_93,2_93,3_93,테093,4_93,5_93,6_93,010-0000-0092,7_93,8_93,9_93,10_93,11_93,12_93,13_93,14_93,15_93,16_93,17_93,18_93,19_93,20_93,21_93,22_93
1_94,2_94,3_94,테094,4_94,5_94,6_94,010-0000-0093,7_94,8_94,9_94,10_94,11_94,12_94,13_94,14_94,15_94,16_94,17_94,18_94,19_94,20_94,21_94,22_94
1_95,2_95,3_95,테095,4_95,5_95,6_95,010-0000-0094,7_95,8_95,9_95,10_95,11_95,12_95,13_95,14_95,15_95,16_95,17_95,18_95,19_95,20_95,21_95,22_95
1_96,2_96,3_96,테096,4_96,5_96,6_96,010-0000-0095,7_96,8_96,9_96,10_96,11_96,12_96,13_96,14_96,15_96,16_96,17_96,18_96,19_96,20_96,21_96,22_96
1_97,2_97,3_97,테097,4_97,5_97,6_97,010-0000-0096,7_97,8_97,9_97,10_97,11_97,12_97,13_97,14_97,15_97,16_97,17_97,18_97,19_97,20_97,21_97,22_97
1_98,2_98,3_98,테098,4_98,5_98,6_98,010-0000-0097,7_98,8_98,9_98,10_98,11_98,12_98,13_98,14_98,15_98,16_98,17_98,18_98,19_98,20_98,21_98,22_98
1_99,2_99,3_99,테099,4_99,5_99,6_99,010-0000-0098,7_99,8_99,9_99,10_99,11_99,12_99,13_99,14_99,15_99,16_99,17_99,18_99,19_99,20_99,21_99,22_99
1_100,2_100,3_100,테100,4_100,5_100,6_100,010-0000-0099,7_100,8_100,9_100,10_100,11_100,12_100,13_100,14_100,15_100,16_100,17_100,18_100,19_100,20_100,21_100,22_100
1_101,2_101,3_101,테101,4_101,5_101,6_101,010-0000-0100,7_101,8_101,9_101,10_101,11_101,12_101,13_101,14_101,15_101,16_101,17_101,18_101,19_101,20_101,21_101,22_101
1_102,2_102,3_102,테102,4_102,5_102,6_102,010-0000-0101,7_102,8_102,9_102,10_102,11_102,12_102,13_102,14_102,15_102,16_102,17_102,18_102,19_102,20_102,21_102,22_102
1_103,2_103,3_103,테103,4_103,5_103,6_103,010-0000-0102,7_103,8_103,9_103,10_103,11_103,12_103,13_103,14_103,15_103,16_103,17_103,18_103,19_103,20_103,21_103,22_103
1_104,2_104,3_104,테104,4_104,5_104,6_104,010-0000-0103,7_104,8_104,9_104,10_104,11_104,12_104,13_104,14_104,15_104,16_104,17_104,18_104,19_104,20_104,21_104,22_104
1_105,2_105,3_105,테105,4_105,5_105,6_105,010-0000-0104,7_105,8_105,9_105,10_105,11_105,12_105,13_105,14_105,15_105,16_105,17_105,18_105,19_105,20_105,21_105,22_105
1_106,2_106,3_106,테106,4_106,5_106,6_106,010-0000-0105,7_106,8_106,9_106,10_106,11_106,12_106,13_106,14_106,15_106,16_106,17_106,18_106,19_106,20_106,21_106,22_106
1_107,2_107,3_107,테107,4_107,5_107,6_107,010-0000-0106,7_107,8_107,9_107,10_107,11_107,12_107,13_107,14_107,15_107,16_107,17_107,18_107,19_107,20_107,21_107,22_107
1_108,2_108,3_108,테108,4_108,5_108,6_108,010-0000-0107,7_108,8_108,9_108,10_108,11_108,12_108,13_108,14_108,15_108,16_108,17_108,18_108,19_108,20_108,21_108,22_108
1_109,2_109,3_109,테109,4_109,5_109,6_109,010-0000-0108,7_109,8_109,9_109,10_109,11_109,12_109,13_109,14_109,15_109,16_109,17_109,18_109,19_109,20_109,21_109,22_109
1_110,2_110,3_110,테110,4_110,5_110,6_110,010-0000-0109,7_110,8_110,9_110,10_110,11_110,12_110,13_110,14_110,15_110,16_110,17_110,18_110,19_110,20_110,21_110,22_110
1_111,2_111,3_111,테111,4_111,5_111,6_111,010-0000-0110,7_111,8_111,9_111,10_111,11_111,12_111,13_111,14_111,15_111,16_111,17_111,18_111,19_111,20_111,21_111,22_111
1_112,2_112,3_112,테112,4_112,5_112,6_112,010-0000-0111,7_112,8_112,9_112,10_112,11_112,12_112,13_112,14_112,15_112,16_112,17_112,18_112,19_112,20_112,21_112,22_112
1_113,2_113,3_113,테113,4_113,5_113,6_113,010-0000-0112,7_113,8_113,9_113,10_113,11_113,12_113,13_113,14_113,15_113,16_113,17_113,18_113,19_113,20_113,21_113,22_113
1_114,2_114,3_114,테114,4_114,5_114,6_114,010-0000-0113,7_114,8_114,9_114,10_114,11_114,12_114,13_114,14_114,15_114,16_114,17_114,18_114,19_114,20_114,21_114,22_114
1_115,2_115,3_115,테115,4_115,5_115,6_115,010-0000-0114,7_115,8_115,9_115,10_115,11_115,12_115,13_115,14_115,15_115,16_115,17_115,18_115,19_115,20_115,21_115,22_115
1_116,2_116,3_116,테116,4_116,5_116,6_116,010-0000-0115,7_116,8_116,9_116,10_116,11_116,12_116,13_116,14_116,15_116,16_116,17_116,18_116,19_116,20_116,21_116,22_116
1_117,2_117,3_117,테117,4_117,5_117,6_117,010-0000-0116,7_117,8_117,9_117,10_117,11_117,12_117,13_117,14_117,15_117,16_117,17_117,18_117,19_117,20_117,21_117,22_117
1_118,2_118,3_118,테118,4_118,5_118,6_118,010-0000-0117,7_118,8_118,9_118,10_118,11_118,12_118,13_118,14_118,15_118,16_118,17_118,18_118,19_118,20_118,21_118,22_118
1_119,2_119,3_119,테119,4_119,5_119,6_119,010-0000-0118,7_119,8_119,9_119,10_119,11_119,12_119,13_119,14_119,15_119,16_119,17_119,18_119,19_119,20_119,21_119,22_119
1_120,2_120,3_120,테120,4_120,5_120,6_120,010-0000-0119,7_120,8_120,9_120,10_120,11_120,12_120,13_120,14_120,15_120,16_120,17_120,18_120,19_120,20_120,21_120,22_120
1_121,2_121,3_121,테121,4_121,5_121,6_121,010-0000-0120,7_121,8_121,9_121,10_121,11_121,12_121,13_121,14_121,15_121,16_121,17_121,18_121,19_121,20_121,21_121,22_121
1_122,2_122,3_122,테122,4_122,5_122,6_122,010-0000-0121,7_122,8_122,9_122,10_122,11_122,12_122,13_122,14_122,15_122,16_122,17_122,18_122,19_122,20_122,21_122,22_122
1_123,2_123,3_123,테123,4_123,5_123,6_123,010-0000-0122,7_123,8_123,9_123,10_123,11_123,12_123,13_123,14_123,15_123,16_123,17_123,18_123,19_123,20_123,21_123,22_123
1_124,2_124,3_124,테124,4_124,5_124,6_124,010-0000-0123,7_124,8_124,9_124,10_124,11_124,12_124,13_124,14_124,15_124,16_124,17_124,18_124,19_124,20_124,21_124,22_124
1_125,2_125,3_125,테125,4_125,5_125,6_125,010-0000-0124,7_125,8_125,9_125,10_125,11_125,12_125,13_125,14_125,15_125,16_125,17_125,18_125,19_125,20_125,21_125,22_125
1_126,2_126,3_126,테126,4_126,5_126,6_126,010-0000-0125,7_126,8_126,9_126,10_126,11_126,12_126,13_126,14_126,15_126,16_126,17_126,18_126,19_126,20_126,21_126,22_126
1_127,2_127,3_127,테127,4_127,5_127,6_127,010-0000-0126,7_127,8_127,9_127,10_127,11_127,12_127,13_127,14_127,15_127,16_127,17_127,18_127,19_127,20_127,21_127,22_127
1_128,2_128,3_128,테128,4_128,5_128,6_128,010-0000-0127,7_128,8_128,9_128,10_128,11_128,12_128,13_128,14_128,15_128,16_128,17_128,18_128,19_128,20_128,21_128,22_128
1_129,2_129,3_129,테129,4_129,5_129,6_129,010-0000-0128,7_129,8_129,9_129,10_129,11_129,12_129,13_129,14_129,15_129,16_129,17_129,18_129,19_129,20_129,21_129,22_129
1_130,2_130,3_130,테130,4_130,5_130,6_130,010-0000-0129,7_130,8_130,9_130,10_130,11_130,12_130,13_130,14_130,15_130,16_130,17_130,18_130,19_130,20_130,21_130,22_130
1_131,2_131,3_131,테131,4_131,5_131,6_131,010-0000-0130,7_131,8_131,9_131,10_131,11_131,12_131,13_131,14_131,15_131,16_131,17_131,18_131,19_131,20_131,21_131,22_131
1_132,2_132,3_132,테132,4_132,5_132,6_132,010-0000-0131,7_132,8_132,9_132,10_132,11_132,12_132,13_132,14_132,15_132,16_132,17_132,18_132,19_132,20_132,21_132,22_132
1_133,2_133,3_133,테133,4_133,5_133,6_133,010-0000-0132,7_133,8_133,9_133,10_133,11_133,12_133,13_133,14_133,15_133,16_133,17_133,18_133,19_133,20_133,21_133,22_133
1_134,2_134,3_134,테134,4_134,5_134,6_134,010-0000-0133,7_134,8_134,9_134,10_134,11_134,12_134,13_134,14_134,15_134,16_134,17_134,18_134,19_134,20_134,21_134,22_134
1_135,2_135,3_135,테135,4_135,5_135,6_135,010-0000-0134,7_135,8_135,9_135,10_135,11_135,12_135,13_135,14_135,15_135,16_135,17_135,18_135,19_135,20_135,21_135,22_135
1_136,2_136,3_136,테136,4_136,5_136,6_136,010-0000-0135,7_136,8_136,9_136,10_136,11_136,12_136,13_136,14_136,15_136,16_136,17_136,18_136,19_136,20_136,21_136,22_136
1_137,2_137,3_137,테137,4_137,5_137,6_137,010-0000-0136,7_137,8_137,9_137,10_137,11_137,12_137,13_137,14_137,15_137,16_137,17_137,18_137,19_137,20_137,21_137,22_137
1_138,2_138,3_138,테138,4_138,5_138,6_138,010-0000-0137,7_138,8_138,9_138,10_138,11_138,12_138,13_138,14_138,15_138,16_138,17_138,18_138,19_138,20_138,21_138,22_138
1_139,2_139,3_139,테139,4_139,5_139,6_139,010-0000-0138,7_139,8_139,9_139,10_139,11_139,12_139,13_139,14_139,15_139,16_139,17_139,18_139,19_139,20_139,21_139,22_139
1_140,2_140,3_140,테140,4_140,5_140,6_140,010-0000-0139,7_140,8_140,9_140,10_140,11_140,12_140,13_140,14_140,15_140,16_140,17_140,18_140,19_140,20_140,21_140,22_140
1_141,2_141,3_141,테141,4_141,5_141,6_141,010-0000-0140,7_141,8_141,9_141,10_141,11_141,12_141,13_141,14_141,15_141,16_141,17_141,18_141,19_141,20_141,21_141,22_141
1_142,2_142,3_142,테142,4_142,5_142,6_142,010-0000-0141,7_142,8_142,9_142,10_142,11_142,12_142,13_142,14_142,15_142,16_142,17_142,18_142,19_142,20_142,21_142,22_142
1_143,2_143,3_143,테143,4_143,5_143,6_143,010-0000-0142,7_143,8_143,9_143,10_143,11_143,12_143,13_143,14_143,15_143,16_143,17_143,18_143,19_143,20_143,21_143,22_143
1_144,2_144,3_144,테144,4_144,5_144,6_144,010-0000-0143,7_144,8_144,9_144,10_144,11_144,12_144,13_144,14_144,15_144,16_144,17_144,18_144,19_144,20_144,21_144,22_144
1_145,2_145,3_145,테145,4_145,5_145,6_145,010-0000-0144,7_145,8_145,9_145,10_145,11_145,12_145,13_145,14_145,15_145,16_145,17_145,18_145,19_145,20_145,21_145,22_145
1_146,2_146,3_146,테146,4_146,5_146,6_146,010-0000-0145,7_146,8_146,9_146,10_146,11_146,12_146,13_146,14_146,15_146,16_146,17_146,18_146,19_146,20_146,21_146,22_146
1_147,2_147,3_147,테147,4_147,5_147,6_147,010-0000-0146,7_147,8_147,9_147,10_147,11_147,12_147,13_147,14_147,15_147,16_147,17_147,18_147,19_147,20_147,21_147,22_147
1_148,2_148,3_148,테148,4_148,5_148,6_148,010-0000-0147,7_148,8_148,9_148,10_148,11_148,12_148,13_148,14_148,15_148,16_148,17_148,18_148,19_148,20_148,21_148,22_148
1_149,2_149,3_149,테149,4_149,5_149,6_149,010-0000-0148,7_149,8_149,9_149,10_149,11_149,12_149,13_149,14_149,15_149,16_149,17_149,18_149,19_149,20_149,21_149,22_149
1_150,2_150,3_150,테150,4_150,5_150,6_150,010-0000-0149,7_150,8_150,9_150,10_150,11_150,12_150,13_150,14_150,15_150,16_150,17_150,18_150,19_150,20_150,21_150,22_150
1_151,2_151,3_151,테151,4_151,5_151,6_151,010-0000-0150,7_151,8_151,9_151,10_151,11_151,12_151,13_151,14_151,15_151,16_151,17_151,18_151,19_151,20_151,21_151,22_151
1_152,2_152,3_152,테152,4_152,5_152,6_152,010-0000-0151,7_152,8_152,9_152,10_152,11_152,12_152,13_152,14_152,15_152,16_152,17_152,18_152,19_152,20_152,21_152,22_152
1_153,2_153,3_153,테153,4_153,5_153,6_153,010-0000-0152,7_153,8_153,9_153,10_153,11_153,12_153,13_153,14_153,15_153,16_153,17_153,18_153,19_153,20_153,21_153,22_153
1_154,2_154,3_154,테154,4_154,5_154,6_154,010-0000-0153,7_154,8_154,9_154,10_154,11_154,12_154,13_154,14_154,15_154,16_154,17_154,18_154,19_154,20_154,21_154,22_154
1_155,2_155,3_155,테155,4_155,5_155,6_155,010-0000-0154,7_155,8_155,9_155,10_155,11_155,12_155,13_155,14_155,15_155,16_155,17_155,18_155,19_155,20_155,21_155,22_155
1_156,2_156,3_156,테156,4_156,5_156,6_156,010-0000-0155,7_156,8_156,9_156,10_156,11_156,12_156,13_156,14_156,15_156,16_156,17_156,18_156,19_156,20_156,21_156,22_156
1_157,2_157,3_157,테157,4_157,5_157,6_157,010-0000-0156,7_157,8_157,9_157,10_157,11_157,12_157,13_157,14_157,15_157,16_157,17_157,18_157,19_157,20_157,21_157,22_157
1_158,2_158,3_158,테158,4_158,5_158,6_158,010-0000-0157,7_158,8_158,9_158,10_158,11_158,12_158,13_158,14_158,15_158,16_158,17_158,18_158,19_158,20_158,21_158,22_158
1_159,2_159,3_159,테159,4_159,5_159,6_159,010-0000-0158,7_159,8_159,9_159,10_159,11_159,12_159,13_159,14_159,15_159,16_159,17_159,18_159,19_159,20_159,21_159,22_159
1_160,2_160,3_160,테160,4_160,5_160,6_160,010-0000-0159,7_160,8_160,9_160,10_160,11_160,12_160,13_160,14_160,15_160,16_160,17_160,18_160,19_160,20_160,21_160,22_160
1_161,2_161,3_161,테161,4_161,5_161,6_161,010-0000-0160,7_161,8_161,9_161,10_161,11_161,12_161,13_161,14_161,15_161,16_161,17_161,18_161,19_161,20_161,21_161,22_161
1_162,2_162,3_162,테162,4_162,5_162,6_162,010-0000-0161,7_162,8_162,9_162,10_162,11_162,12_162,13_162,14_162,15_162,16_162,17_162,18_162,19_162,20_162,21_162,22_162
1_163,2_163,3_163,테163,4_163,5_163,6_163,010-0000-0162,7_163,8_163,9_163,10_163,11_163,12_163,13_163,14_163,15_163,16_163,17_163,18_163,19_163,20_163,21_163,22_163
1_164,2_164,3_164,테164,4_164,5_164,6_164,010-0000-0163,7_164,8_164,9_164,10_164,11_164,12_164,13_164,14_164,15_164,16_164,17_164,18_164,19_164,20_164,21_164,22_164
1_165,2_165,3_165,테165,4_165,5_165,6_165,010-0000-0164,7_165,8_165,9_165,10_165,11_165,12_165,13_165,14_165,15_165,16_165,17_165,18_165,19_165,20_165,21_165,22_165
1_166,2_166,3_166,테166,4_166,5_166,6_166,010-0000-0165,7_166,8_166,9_166,10_166,11_166,12_166,13_166,14_166,15_166,16_166,17_166,18_166,19_166,20_166,21_166,22_166
1_167,2_167,3_167,테167,4_167,5_167,6_167,010-0000-0166,7_167,8_167,9_167,10_167,11_167,12_167,13_167,14_167,15_167,16_167,17_167,18_167,19_167,20_167,21_167,22_167
1_168,2_168,3_168,테168,4_168,5_168,6_168,010-0000-0167,7_168,8_168,9_168,10_168,11_168,12_168,13_168,14_168,15_168,16_168,17_168,18_168,19_168,20_168,21_168,22_168
1_169,2_169,3_169,테169,4_169,5_169,6_169,010-0000-0168,7_169,8_169,9_169,10_169,11_169,12_169,13_169,14_169,15_169,16_169,17_169,18_169,19_169,20_169,21_169,22_169
1_170,2_170,3_170,테170,4_170,5_170,6_170,010-0000-0169,7_170,8_170,9_170,10_170,11_170,12_170,13_170,14_170,15_170,16_170,17_170,18_170,19_170,20_170,21_170,22_170
1_171,2_171,3_171,테171,4_171,5_171,6_171,010-0000-0170,7_171,8_171,9_171,10_171,11_171,12_171,13_171,14_171,15_171,16_171,17_171,18_171,19_171,20_171,21_171,22_171
1_172,2_172,3_172,테172,4_172,5_172,6_172,010-0000-0171,7_172,8_172,9_172,10_172,11_172,12_172,13_172,14_172,15_172,16_172,17_172,18_172,19_172,20_172,21_172,22_172
1_173,2_173,3_173,테173,4_173,5_173,6_173,010-0000-0172,7_173,8_173,9_173,10_173,11_173,12_173,13_173,14_173,15_173,16_173,17_173,18_173,19_173,20_173,21_173,22_173
1_174,2_174,3_174,테174,4_174,5_174,6_174,010-0000-0173,7_174,8_174,9_174,10_174,11_174,12_174,13_174,14_174,15_174,16_174,17_174,18_174,19_174,20_174,21_174,22_174
1_175,2_175,3_175,테175,4_175,5_175,6_175,010-0000-0174,7_175,8_175,9_175,10_175,11_175,12_175,13_175,14_175,15_175,16_175,17_175,18_175,19_175,20_175,21_175,22_175
1_176,2_176,3_176,테176,4_176,5_176,6_176,010-0000-0175,7_176,8_176,9_176,10_176,11_176,12_176,13_176,14_176,15_176,16_176,17_176,18_176,19_176,20_176,21_176,22_176
1_177,2_177,3_177,테177,4_177,5_177,6_177,010-0000-0176,7_177,8_177,9_177,10_177,11_177,12_177,13_177,14_177,15_177,16_177,17_177,18_177,19_177,20_177,21_177,22_177
1_178,2_178,3_178,테178,4_178,5_178,6_178,010-0000-0177,7_178,8_178,9_178,10_178,11_178,12_178,13_178,14_178,15_178,16_178,17_178,18_178,19_178,20_178,21_178,22_178
1_179,2_179,3_179,테179,4_179,5_179,6_179,010-0000-0178,7_179,8_179,9_179,10_179,11_179,12_179,13_179,14_179,15_179,16_179,17_179,18_179,19_179,20_179,21_179,22_179
1_180,2_180,3_180,테180,4_180,5_180,6_180,010-0000-0179,7_180,8_180,9_180,10_180,11_180,12_180,13_180,14_180,15_180,16_180,17_180,18_180,19_180,20_180,21_180,22_180
1_181,2_181,3_181,테181,4_181,5_181,6_181,010-0000-0180,7_181,8_181,9_181,10_181,11_181,12_181,13_181,14_181,15_181,16_181,17_181,18_181,19_181,20_181,21_181,22_181
1_182,2_182,3_182,테182,4_182,5_182,6_182,010-0000-0181,7_182,8_182,9_182,10_182,11_182,12_182,13_182,14_182,15_182,16_182,17_182,18_182,19_182,20_182,21_182,22_182
1_183,2_183,3_183,테183,4_183,5_183,6_183,010-0000-0182,7_183,8_183,9_183,10_183,11_183,12_183,13_183,14_183,15_183,16_183,17_183,18_183,19_183,20_183,21_183,22_183
1_184,2_184,3_184,테184,4_184,5_184,6_184,010-0000-0183,7_184,8_184,9_184,10_184,11_184,12_184,13_184,14_184,15_184,16_184,17_184,18_184,19_184,20_184,21_184,22_184
1_185,2_185,3_185,테185,4_185,5_185,6_185,010-0000-0184,7_185,8_185,9_185,10_185,11_185,12_185,13_185,14_185,15_185,16_185,17_185,18_185,19_185,20_185,21_185,22_185
1_186,2_186,3_186,테186,4_186,5_186,6_186,010-0000-0185,7_186,8_186,9_186,10_186,11_186,12_186,13_186,14_186,15_186,16_186,17_186,18_186,19_186,20_186,21_186,22_186
1_187,2_187,3_187,테187,4_187,5_187,6_187,010-0000-0186,7_187,8_187,9_187,10_187,11_187,12_187,13_187,14_187,15_187,16_187,17_187,18_187,19_187,20_187,21_187,22_187
1_188,2_188,3_188,테188,4_188,5_188,6_188,010-0000-0187,7_188,8_188,9_188,10_188,11_188,12_188,13_188,14_188,15_188,16_188,17_188,18_188,19_188,20_188,21_188,22_188
1_189,2_189,3_189,테189,4_189,5_189,6_189,010-0000-0188,7_189,8_189,9_189,10_189,11_189,12_189,13_189,14_189,15_189,16_189,17_189,18_189,19_189,20_189,21_189,22_189
1_190,2_190,3_190,테190,4_190,5_190,6_190,010-0000-0189,7_190,8_190,9_190,10_190,11_190,12_190,13_190,14_190,15_190,16_190,17_190,18_190,19_190,20_190,21_190,22_190
1_191,2_191,3_191,테191,4_191,5_191,6_191,010-0000-0190,7_191,8_191,9_191,10_191,11_191,12_191,13_191,14_191,15_191,16_191,17_191,18_191,19_191,20_191,21_191,22_191
1_192,2_192,3_192,테192,4_192,5_192,6_192,010-0000-0191,7_192,8_192,9_192,10_192,11_192,12_192,13_192,14_192,15_192,16_192,17_192,18_192,19_192,20_192,21_192,22_192
1_193,2_193,3_193,테193,4_193,5_193,6_193,010-0000-0192,7_193,8_193,9_193,10_193,11_193,12_193,13_193,14_193,15_193,16_193,17_193,18_193,19_193,20_193,21_193,22_193
1_194,2_194,3_194,테194,4_194,5_194,6_194,010-0000-0193,7_194,8_194,9_194,10_194,11_194,12_194,13_194,14_194,15_194,16_194,17_194,18_194,19_194,20_194,21_194,22_194
1_195,2_195,3_195,테195,4_195,5_195,6_195,010-0000-0194,7_195,8_195,9_195,10_195,11_195,12_195,13_195,14_195,15_195,16_195,17_195,18_195,19_195,20_195,21_195,22_195
1_196,2_196,3_196,테196,4_196,5_196,6_196,010-0000-0195,7_196,8_196,9_196,10_196,11_196,12_196,13_196,14_196,15_196,16_196,17_196,18_196,19_196,20_196,21_196,22_196
1_197,2_197,3_197,테197,4_197,5_197,6_197,010-0000-0196,7_197,8_197,9_197,10_197,11_197,12_197,13_197,14_197,15_197,16_197,17_197,18_197,19_197,20_197,21_197,22_197
1_198,2_198,3_198,테198,4_198,5_198,6_198,010-0000-0197,7_198,8_198,9_198,10_198,11_198,12_198,13_198,14_198,15_198,16_198,17_198,18_198,19_198,20_198,21_198,22_198
1_199,2_199,3_199,테199,4_199,5_199,6_199,010-0000-0198,7_199,8_199,9_199,10_199,11_199,12_199,13_199,14_199,15_199,16_199,17_199,18_199,19_199,20_199,21_199,22_199
1_200,2_200,3_200,테200,4_200,5_200,6_200,010-0000-0199,7_200,8_200,9_200,10_200,11_200,12_200,13_200,14_200,15_200,16_200,17_200,18_200,19_200,20_200,21_200,22_200
1_201,2_201,3_201,테201,4_201,5_201,6_201,010-0000-0200,7_201,8_201,9_201,10_201,11_201,12_201,13_201,14_201,15_201,16_201,17_201,18_201,19_201,20_201,21_201,22_201
1_202,2_202,3_202,테202,4_202,5_202,6_202,010-0000-0201,7_202,8_202,9_202,10_202,11_202,12_202,13_202,14_202,15_202,16_202,17_202,18_202,19_202,20_202,21_202,22_202
1_203,2_203,3_203,테203,4_203,5_203,6_203,010-0000-0202,7_203,8_203,9_203,10_203,11_203,12_203,13_203,14_203,15_203,16_203,17_203,18_203,19_203,20_203,21_203,22_203
1_204,2_204,3_204,테204,4_204,5_204,6_204,010-0000-0203,7_204,8_204,9_204,10_204,11_204,12_204,13_204,14_204,15_204,16_204,17_204,18_204,19_204,20_204,21_204,22_204
1_205,2_205,3_205,테205,4_205,5_205,6_205,010-0000-0204,7_205,8_205,9_205,10_205,11_205,12_205,13_205,14_205,15_205,16_205,17_205,18_205,19_205,20_205,21_205,22_205
1_206,2_206,3_206,테206,4_206,5_206,6_206,010-0000-0205,7_206,8_206,9_206,10_206,11_206,12_206,13_206,14_206,15_206,16_206,17_206,18_206,19_206,20_206,21_206,22_206
1_207,2_207,3_207,테207,4_207,5_207,6_207,010-0000-0206,7_207,8_207,9_207,10_207,11_207,12_207,13_207,14_207,15_207,16_207,17_207,18_207,19_207,20_207,21_207,22_207
1_208,2_208,3_208,테208,4_208,5_208,6_208,010-0000-0207,7_208,8_208,9_208,10_208,11_208,12_208,13_208,14_208,15_208,16_208,17_208,18_208,19_208,20_208,21_208,22_208
1_209,2_209,3_209,테209,4_209,5_209,6_209,010-0000-0208,7_209,8_209,9_209,10_209,11_209,12_209,13_209,14_209,15_209,16_209,17_209,18_209,19_209,20_209,21_209,22_209
1_210,2_210,3_210,테210,4_210,5_210,6_210,010-0000-0209,7_210,8_210,9_210,10_210,11_210,12_210,13_210,14_210,15_210,16_210,17_210,18_210,19_210,20_210,21_210,22_210
1_211,2_211,3_211,테211,4_211,5_211,6_211,010-0000-0210,7_211,8_211,9_211,10_211,11_211,12_211,13_211,14_211,15_211,16_211,17_211,18_211,19_211,20_211,21_211,22_211
1_212,2_212,3_212,테212,4_212,5_212,6_212,010-0000-0211,7_212,8_212,9_212,10_212,11_212,12_212,13_212,14_212,15_212,16_212,17_212,18_212,19_212,20_212,21_212,22_212
1_213,2_213,3_213,테213,4_213,5_213,6_213,010-0000-0212,7_213,8_213,9_213,10_213,11_213,12_213,13_213,14_213,15_213,16_213,17_213,18_213,19_213,20_213,21_213,22_213
1_214,2_214,3_214,테214,4_214,5_214,6_214,010-0000-0213,7_214,8_214,9_214,10_214,11_214,12_214,13_214,14_214,15_214,16_214,17_214,18_214,19_214,20_214,21_214,22_214
1_215,2_215,3_215,테215,4_215,5_215,6_215,010-0000-0214,7_215,8_215,9_215,10_215,11_215,12_215,13_215,14_215,15_215,16_215,17_215,18_215,19_215,20_215,21_215,22_215
1_216,2_216,3_216,테216,4_216,5_216,6_216,010-0000-0215,7_216,8_216,9_216,10_216,11_216,12_216,13_216,14_216,15_216,16_216,17_216,18_216,19_216,20_216,21_216,22_216
1_217,2_217,3_217,테217,4_217,5_217,6_217,010-0000-0216,7_217,8_217,9_217,10_217,11_217,12_217,13_217,14_217,15_217,16_217,17_217,18_217,19_217,20_217,21_217,22_217
1_218,2_218,3_218,테218,4_218,5_218,6_218,010-0000-0217,7_218,8_218,9_218,10_218,11_218,12_218,13_218,14_218,15_218,16_218,17_218,18_218,19_218,20_218,21_218,22_218
1_219,2_219,3_219,테219,4_219,5_219,6_219,010-0000-0218,7_219,8_219,9_219,10_219,11_219,12_219,13_219,14_219,15_219,16_219,17_219,18_219,19_219,20_219,21_219,22_219
1_220,2_220,3_220,테220,4_220,5_220,6_220,010-0000-0219,7_220,8_220,9_220,10_220,11_220,12_220,13_220,14_220,15_220,16_220,17_220,18_220,19_220,20_220,21_220,22_220
1_221,2_221,3_221,테221,4_221,5_221,6_221,010-0000-0220,7_221,8_221,9_221,10_221,11_221,12_221,13_221,14_221,15_221,16_221,17_221,18_221,19_221,20_221,21_221,22_221
1_222,2_222,3_222,테222,4_222,5_222,6_222,010-0000-0221,7_222,8_222,9_222,10_222,11_222,12_222,13_222,14_222,15_222,16_222,17_222,18_222,19_222,20_222,21_222,22_222
1_223,2_223,3_223,테223,4_223,5_223,6_223,010-0000-0222,7_223,8_223,9_223,10_223,11_223,12_223,13_223,14_223,15_223,16_223,17_223,18_223,19_223,20_223,21_223,22_223
1_224,2_224,3_224,테224,4_224,5_224,6_224,010-0000-0223,7_224,8_224,9_224,10_224,11_224,12_224,13_224,14_224,15_224,16_224,17_224,18_224,19_224,20_224,21_224,22_224
1_225,2_225,3_225,테225,4_225,5_225,6_225,010-0000-0224,7_225,8_225,9_225,10_225,11_225,12_225,13_225,14_225,15_225,16_225,17_225,18_225,19_225,20_225,21_225,22_225
1_226,2_226,3_226,테226,4_226,5_226,6_226,010-0000-0225,7_226,8_226,9_226,10_226,11_226,12_226,13_226,14_226,15_226,16_226,17_226,18_226,19_226,20_226,21_226,22_226
1_227,2_227,3_227,테227,4_227,5_227,6_227,010-0000-0226,7_227,8_227,9_227,10_227,11_227,12_227,13_227,14_227,15_227,16_227,17_227,18_227,19_227,20_227,21_227,22_227
1_228,2_228,3_228,테228,4_228,5_228,6_228,010-0000-0227,7_228,8_228,9_228,10_228,11_228,12_228,13_228,14_228,15_228,16_228,17_228,18_228,19_228,20_228,21_228,22_228
1_229,2_229,3_229,테229,4_229,5_229,6_229,010-0000-0228,7_229,8_229,9_229,10_229,11_229,12_229,13_229,14_229,15_229,16_229,17_229,18_229,19_229,20_229,21_229,22_229
1_230,2_230,3_230,테230,4_230,5_230,6_230,010-0000-0229,7_230,8_230,9_230,10_230,11_230,12_230,13_230,14_230,15_230,16_230,17_230,18_230,19_230,20_230,21_230,22_230
1_231,2_231,3_231,테231,4_231,5_231,6_231,010-0000-0230,7_231,8_231,9_231,10_231,11_231,12_231,13_231,14_231,15_231,16_231,17_231,18_231,19_231,20_231,21_231,22_231
1_232,2_232,3_232,테232,4_232,5_232,6_232,010-0000-0231,7_232,8_232,9_232,10_232,11_232,12_232,13_232,14_232,15_232,16_232,17_232,18_232,19_232,20_232,21_232,22_232
1_233,2_233,3_233,테233,4_233,5_233,6_233,010-0000-0232,7_233,8_233,9_233,10_233,11_233,12_233,13_233,14_233,15_233,16_233,17_233,18_233,19_233,20_233,21_233,22_233
1_234,2_234,3_234,테234,4_234,5_234,6_234,010-0000-0233,7_234,8_234,9_234,10_234,11_234,12_234,13_234,14_234,15_234,16_234,17_234,18_234,19_234,20_234,21_234,22_234
1_235,2_235,3_235,테235,4_235,5_235,6_235,010-0000-0234,7_235,8_235,9_235,10_235,11_235,12_235,13_235,14_235,15_235,16_235,17_235,18_235,19_235,20_235,21_235,22_235
1_236,2_236,3_236,테236,4_236,5_236,6_236,010-0000-0235,7_236,8_236,9_236,10_236,11_236,12_236,13_236,14_236,15_236,16_236,17_236,18_236,19_236,20_236,21_236,22_236
1_237,2_237,3_237,테237,4_237,5_237,6_237,010-0000-0236,7_237,8_237,9_237,10_237,11_237,12_237,13_237,14_237,15_237,16_237,17_237,18_237,19_237,20_237,21_237,22_237
1_238,2_238,3_238,테238,4_238,5_238,6_238,010-0000-0237,7_238,8_238,9_238,10_238,11_238,12_238,13_238,14_238,15_238,16_238,17_238,18_238,19_238,20_238,21_238,22_238
1_239,2_239,3_239,테239,4_239,5_239,6_239,010-0000-0238,7_239,8_239,9_239,10_239,11_239,12_239,13_239,14_239,15_239,16_239,17_239,18_239,19_239,20_239,21_239,22_239
1_240,2_240,3_240,테240,4_240,5_240,6_240,010-0000-0239,7_240,8_240,9_240,10_240,11_240,12_240,13_240,14_240,15_240,16_240,17_240,18_240,19_240,20_240,21_240,22_240
1_241,2_241,3_241,테241,4_241,5_241,6_241,010-0000-0240,7_241,8_241,9_241,10_241,11_241,12_241,13_241,14_241,15_241,16_241,17_241,18_241,19_241,20_241,21_241,22_241
1_242,2_242,3_242,테242,4_242,5_242,6_242,010-0000-0241,7_242,8_242,9_242,10_242,11_242,12_242,13_242,14_242,15_242,16_242,17_242,18_242,19_242,20_242,21_242,22_242
1_243,2_243,3_243,테243,4_243,5_243,6_243,010-0000-0242,7_243,8_243,9_243,10_243,11_243,12_243,13_243,14_243,15_243,16_243,17_243,18_243,19_243,20_243,21_243,22_243
1_244,2_244,3_244,테244,4_244,5_244,6_244,010-0000-0243,7_244,8_244,9_244,10_244,11_244,12_244,13_244,14_244,15_244,16_244,17_244,18_244,19_244,20_244,21_244,22_244
1_245,2_245,3_245,테245,4_245,5_245,6_245,010-0000-0244,7_245,8_245,9_245,10_245,11_245,12_245,13_245,14_245,15_245,16_245,17_245,18_245,19_245,20_245,21_245,22_245
1_246,2_246,3_246,테246,4_246,5_246,6_246,010-0000-0245,7_246,8_246,9_246,10_246,11_246,12_246,13_246,14_246,15_246,16_246,17_246,18_246,19_246,20_246,21_246,22_246
1_247,2_247,3_247,테247,4_247,5_247,6_247,010-0000-0246,7_247,8_247,9_247,10_247,11_247,12_247,13_247,14_247,15_247,16_247,17_247,18_247,19_247,20_247,21_247,22_247
1_248,2_248,3_248,테248,4_248,5_248,6_248,010-0000-0247,7_248,8_248,9_248,10_248,11_248,12_248,13_248,14_248,15_248,16_248,17_248,18_248,19_248,20_248,21_248,22_248
1_249,2_249,3_249,테249,4_249,5_249,6_249,010-0000-0248,7_249,8_249,9_249,10_249,11_249,12_249,13_249,14_249,15_249,16_249,17_249,18_249,19_249,20_249,21_249,22_249
1_250,2_250,3_250,테250,4_250,5_250,6_250,010-0000-0249,7_250,8_250,9_250,10_250,11_250,12_250,13_250,14_250,15_250,16_250,17_250,18_250,19_250,20_250,21_250,22_250
1_251,2_251,3_251,테251,4_251,5_251,6_251,010-0000-0250,7_251,8_251,9_251,10_251,11_251,12_251,13_251,14_251,15_251,16_251,17_251,18_251,19_251,20_251,21_251,22_251
1_252,2_252,3_252,테252,4_252,5_252,6_252,010-0000-0251,7_252,8_252,9_252,10_252,11_252,12_252,13_252,14_252,15_252,16_252,17_252,18_252,19_252,20_252,21_252,22_252
1_253,2_253,3_253,테253,4_253,5_253,6_253,010-0000-0252,7_253,8_253,9_253,10_253,11_253,12_253,13_253,14_253,15_253,16_253,17_253,18_253,19_253,20_253,21_253,22_253
1_254,2_254,3_254,테254,4_254,5_254,6_254,010-0000-0253,7_254,8_254,9_254,10_254,11_254,12_254,13_254,14_254,15_254,16_254,17_254,18_254,19_254,20_254,21_254,22_254
1_255,2_255,3_255,테255,4_255,5_255,6_255,010-0000-0254,7_255,8_255,9_255,10_255,11_255,12_255,13_255,14_255,15_255,16_255,17_255,18_255,19_255,20_255,21_255,22_255
1_256,2_256,3_256,테256,4_256,5_256,6_256,010-0000-0255,7_256,8_256,9_256,10_256,11_256,12_256,13_256,14_256,15_256,16_256,17_256,18_256,19_256,20_256,21_256,22_256
1_257,2_257,3_257,테257,4_257,5_257,6_257,010-0000-0256,7_257,8_257,9_257,10_257,11_257,12_257,13_257,14_257,15_257,16_257,17_257,18_257,19_257,20_257,21_257,22_257
1_258,2_258,3_258,테258,4_258,5_258,6_258,010-0000-0257,7_258,8_258,9_258,10_258,11_258,12_258,13_258,14_258,15_258,16_258,17_258,18_258,19_258,20_258,21_258,22_258
1_259,2_259,3_259,테259,4_259,5_259,6_259,010-0000-0258,7_259,8_259,9_259,10_259,11_259,12_259,13_259,14_259,15_259,16_259,17_259,18_259,19_259,20_259,21_259,22_259
1_260,2_260,3_260,테260,4_260,5_260,6_260,010-0000-0259,7_260,8_260,9_260,10_260,11_260,12_260,13_260,14_260,15_260,16_260,17_260,18_260,19_260,20_260,21_260,22_260
1_261,2_261,3_261,테261,4_261,5_261,6_261,010-0000-0260,7_261,8_261,9_261,10_261,11_261,12_261,13_261,14_261,15_261,16_261,17_261,18_261,19_261,20_261,21_261,22_261
1_262,2_262,3_262,테262,4_262,5_262,6_262,010-0000-0261,7_262,8_262,9_262,10_262,11_262,12_262,13_262,14_262,15_262,16_262,17_262,18_262,19_262,20_262,21_262,22_262
1_263,2_263,3_263,테263,4_263,5_263,6_263,010-0000-0262,7_263,8_263,9_263,10_263,11_263,12_263,13_263,14_263,15_263,16_263,17_263,18_263,19_263,20_263,21_263,22_263
1_264,2_264,3_264,테264,4_264,5_264,6_264,010-0000-0263,7_264,8_264,9_264,10_264,11_264,12_264,13_264,14_264,15_264,16_264,17_264,18_264,19_264,20_264,21_264,22_264
1_265,2_265,3_265,테265,4_265,5_265,6_265,010-0000-0264,7_265,8_265,9_265,10_265,11_265,12_265,13_265,14_265,15_265,16_265,17_265,18_265,19_265,20_265,21_265,22_265
1_266,2_266,3_266,테266,4_266,5_266,6_266,010-0000-0265,7_266,8_266,9_266,10_266,11_266,12_266,13_266,14_266,15_266,16_266,17_266,18_266,19_266,20_266,21_266,22_266
1_267,2_267,3_267,테267,4_267,5_267,6_267,010-0000-0266,7_267,8_267,9_267,10_267,11_267,12_267,13_267,14_267,15_267,16_267,17_267,18_267,19_267,20_267,21_267,22_267
1_268,2_268,3_268,테268,4_268,5_268,6_268,010-0000-0267,7_268,8_268,9_268,10_268,11_268,12_268,13_268,14_268,15_268,16_268,17_268,18_268,19_268,20_268,21_268,22_268
1_269,2_269,3_269,테269,4_269,5_269,6_269,010-0000-0268,7_269,8_269,9_269,10_269,11_269,12_269,13_269,14_269,15_269,16_269,17_269,18_269,19_269,20_269,21_269,22_269
1_270,2_270,3_270,테270,4_270,5_270,6_270,010-0000-0269,7_270,8_270,9_270,10_270,11_270,12_270,13_270,14_270,15_270,16_270,17_270,18_270,19_270,20_270,21_270,22_270
1_271,2_271,3_271,테271,4_271,5_271,6_271,010-0000-0270,7_271,8_271,9_271,10_271,11_271,12_271,13_271,14_271,15_271,16_271,17_271,18_271,19_271,20_271,21_271,22_271
1_272,2_272,3_272,테272,4_272,5_272,6_272,010-0000-0271,7_272,8_272,9_272,10_272,11_272,12_272,13_272,14_272,15_272,16_272,17_272,18_272,19_272,20_272,21_272,22_272
1_273,2_273,3_273,테273,4_273,5_273,6_273,010-0000-0272,7_273,8_273,9_273,10_273,11_273,12_273,13_273,14_273,15_273,16_273,17_273,18_273,19_273,20_273,21_273,22_273
1_274,2_274,3_274,테274,4_274,5_274,6_274,010-0000-0273,7_274,8_274,9_274,10_274,11_274,12_274,13_274,14_274,15_274,16_274,17_274,18_274,19_274,20_274,21_274,22_274
1_275,2_275,3_275,테275,4_275,5_275,6_275,010-0000-0274,7_275,8_275,9_275,10_275,11_275,12_275,13_275,14_275,15_275,16_275,17_275,18_275,19_275,20_275,21_275,22_275
1_276,2_276,3_276,테276,4_276,5_276,6_276,010-0000-0275,7_276,8_276,9_276,10_276,11_276,12_276,13_276,14_276,15_276,16_276,17_276,18_276,19_276,20_276,21_276,22_276
1_277,2_277,3_277,테277,4_277,5_277,6_277,010-0000-0276,7_277,8_277,9_277,10_277,11_277,12_277,13_277,14_277,15_277,16_277,17_277,18_277,19_277,20_277,21_277,22_277
1_278,2_278,3_278,테278,4_278,5_278,6_278,010-0000-0277,7_278,8_278,9_278,10_278,11_278,12_278,13_278,14_278,15_278,16_278,17_278,18_278,19_278,20_278,21_278,22_278
1_279,2_279,3_279,테279,4_279,5_279,6_279,010-0000-0278,7_279,8_279,9_279,10_279,11_279,12_279,13_279,14_279,15_279,16_279,17_279,18_279,19_279,20_279,21_279,22_279
1_280,2_280,3_280,테280,4_280,5_280,6_280,010-0000-0279,7_280,8_280,9_280,10_280,11_280,12_280,13_280,14_280,15_280,16_280,17_280,18_280,19_280,20_280,21_280,22_280
1_281,2_281,3_281,테281,4_281,5_281,6_281,010-0000-0280,7_281,8_281,9_281,10_281,11_281,12_281,13_281,14_281,15_281,16_281,17_281,18_281,19_281,20_281,21_281,22_281
1_282,2_282,3_282,테282,4_282,5_282,6_282,010-0000-0281,7_282,8_282,9_282,10_282,11_282,12_282,13_282,14_282,15_282,16_282,17_282,18_282,19_282,20_282,21_282,22_282
1_283,2_283,3_283,테283,4_283,5_283,6_283,010-0000-0282,7_283,8_283,9_283,10_283,11_283,12_283,13_283,14_283,15_283,16_283,17_283,18_283,19_283,20_283,21_283,22_283
1_284,2_284,3_284,테284,4_284,5_284,6_284,010-0000-0283,7_284,8_284,9_284,10_284,11_284,12_284,13_284,14_284,15_284,16_284,17_284,18_284,19_284,20_284,21_284,22_284
1_285,2_285,3_285,테285,4_285,5_285,6_285,010-0000-0284,7_285,8_285,9_285,10_285,11_285,12_285,13_285,14_285,15_285,16_285,17_285,18_285,19_285,20_285,21_285,22_285
1_286,2_286,3_286,테286,4_286,5_286,6_286,010-0000-0285,7_286,8_286,9_286,10_286,11_286,12_286,13_286,14_286,15_286,16_286,17_286,18_286,19_286,20_286,21_286,22_286
1_287,2_287,3_287,테287,4_287,5_287,6_287,010-0000-0286,7_287,8_287,9_287,10_287,11_287,12_287,13_287,14_287,15_287,16_287,17_287,18_287,19_287,20_287,21_287,22_287
1_288,2_288,3_288,테288,4_288,5_288,6_288,010-0000-0287,7_288,8_288,9_288,10_288,11_288,12_288,13_288,14_288,15_288,16_288,17_288,18_288,19_288,20_288,21_288,22_288
1_289,2_289,3_289,테289,4_289,5_289,6_289,010-0000-0288,7_289,8_289,9_289,10_289,11_289,12_289,13_289,14_289,15_289,16_289,17_289,18_289,19_289,20_289,21_289,22_289
1_290,2_290,3_290,테290,4_290,5_290,6_290,010-0000-0289,7_290,8_290,9_290,10_290,11_290,12_290,13_290,14_290,15_290,16_290,17_290,18_290,19_290,20_290,21_290,22_290
1_291,2_291,3_291,테291,4_291,5_291,6_291,010-0000-0290,7_291,8_291,9_291,10_291,11_291,12_291,13_291,14_291,15_291,16_291,17_291,18_291,19_291,20_291,21_291,22_291
1_292,2_292,3_292,테292,4_292,5_292,6_292,010-0000-0291,7_292,8_292,9_292,10_292,11_292,12_292,13_292,14_292,15_292,16_292,17_292,18_292,19_292,20_292,21_292,22_292
1_293,2_293,3_293,테293,4_293,5_293,6_293,010-0000-0292,7_293,8_293,9_293,10_293,11_293,12_293,13_293,14_293,15_293,16_293,17_293,18_293,19_293,20_293,21_293,22_293
1_294,2_294,3_294,테294,4_294,5_294,6_294,010-0000-0293,7_294,8_294,9_294,10_294,11_294,12_294,13_294,14_294,15_294,16_294,17_294,18_294,19_294,20_294,21_294,22_294
1_295,2_295,3_295,테295,4_295,5_295,6_295,010-0000-0294,7_295,8_295,9_295,10_295,11_295,12_295,13_295,14_295,15_295,16_295,17_295,18_295,19_295,20_295,21_295,22_295
1_296,2_296,3_296,테296,4_296,5_296,6_296,010-0000-0295,7_296,8_296,9_296,10_296,11_296,12_296,13_296,14_296,15_296,16_296,17_296,18_296,19_296,20_296,21_296,22_296
1_297,2_297,3_297,테297,4_297,5_297,6_297,010-0000-0296,7_297,8_297,9_297,10_297,11_297,12_297,13_297,14_297,15_297,16_297,17_297,18_297,19_297,20_297,21_297,22_297
1_298,2_298,3_298,테298,4_298,5_298,6_298,010-0000-0297,7_298,8_298,9_298,10_298,11_298,12_298,13_298,14_298,15_298,16_298,17_298,18_298,19_298,20_298,21_298,22_298
1_299,2_299,3_299,테299,4_299,5_299,6_299,010-0000-0298,7_299,8_299,9_299,10_299,11_299,12_299,13_299,14_299,15_299,16_299,17_299,18_299,19_299,20_299,21_299,22_299
1_300,2_300,3_300,테300,4_300,5_300,6_300,010-0000-0299,7_300,8_300,9_300,10_300,11_300,12_300,13_300,14_300,15_300,16_300,17_300,18_300,19_300,20_300,21_300,22_300
1_301,2_301,3_301,테301,4_301,5_301,6_301,010-0000-0300,7_301,8_301,9_301,10_301,11_301,12_301,13_301,14_301,15_301,16_301,17_301,18_301,19_301,20_301,21_301,22_301
1_302,2_302,3_302,테302,4_302,5_302,6_302,010-0000-0301,7_302,8_302,9_302,10_302,11_302,12_302,13_302,14_302,15_302,16_302,17_302,18_302,19_302,20_302,21_302,22_302
1_303,2_303,3_303,테303,4_303,5_303,6_303,010-0000-0302,7_303,8_303,9_303,10_303,11_303,12_303,13_303,14_303,15_303,16_303,17_303,18_303,19_303,20_303,21_303,22_303
1_304,2_304,3_304,테304,4_304,5_304,6_304,010-0000-0303,7_304,8_304,9_304,10_304,11_304,12_304,13_304,14_304,15_304,16_304,17_304,18_304,19_304,20_304,21_304,22_304
1_305,2_305,3_305,테305,4_305,5_305,6_305,010-0000-0304,7_305,8_305,9_305,10_305,11_305,12_305,13_305,14_305,15_305,16_305,17_305,18_305,19_305,20_305,21_305,22_305
1_306,2_306,3_306,테306,4_306,5_306,6_306,010-0000-0305,7_306,8_306,9_306,10_306,11_306,12_306,13_306,14_306,15_306,16_306,17_306,18_306,19_306,20_306,21_306,22_306
1_307,2_307,3_307,테307,4_307,5_307,6_307,010-0000-0306,7_307,8_307,9_307,10_307,11_307,12_307,13_307,14_307,15_307,16_307,17_307,18_307,19_307,20_307,21_307,22_307
1_308,2_308,3_308,테308,4_308,5_308,6_308,010-0000-0307,7_308,8_308,9_308,10_308,11_308,12_308,13_308,14_308,15_308,16_308,17_308,18_308,19_308,20_308,21_308,22_308
1_309,2_309,3_309,테309,4_309,5_309,6_309,010-0000-0308,7_309,8_309,9_309,10_309,11_309,12_309,13_309,14_309,15_309,16_309,17_309,18_309,19_309,20_309,21_309,22_309
1_310,2_310,3_310,테310,4_310,5_310,6_310,010-0000-0309,7_310,8_310,9_310,10_310,11_310,12_310,13_310,14_310,15_310,16_310,17_310,18_310,19_310,20_310,21_310,22_310
1_311,2_311,3_311,테311,4_311,5_311,6_311,010-0000-0310,7_311,8_311,9_311,10_311,11_311,12_311,13_311,14_311,15_311,16_311,17_311,18_311,19_311,20_311,21_311,22_311
1_312,2_312,3_312,테312,4_312,5_312,6_312,010-0000-0311,7_312,8_312,9_312,10_312,11_312,12_312,13_312,14_312,15_312,16_312,17_312,18_312,19_312,20_312,21_312,22_312
1_313,2_313,3_313,테313,4_313,5_313,6_313,010-0000-0312,7_313,8_313,9_313,10_313,11_313,12_313,13_313,14_313,15_313,16_313,17_313,18_313,19_313,20_313,21_313,22_313
1_314,2_314,3_314,테314,4_314,5_314,6_314,010-0000-0313,7_314,8_314,9_314,10_314,11_314,12_314,13_314,14_314,15_314,16_314,17_314,18_314,19_314,20_314,21_314,22_314
1_315,2_315,3_315,테315,4_315,5_315,6_315,010-0000-0314,7_315,8_315,9_315,10_315,11_315,12_315,13_315,14_315,15_315,16_315,17_315,18_315,19_315,20_315,21_315,22_315
1_316,2_316,3_316,테316,4_316,5_316,6_316,010-0000-0315,7_316,8_316,9_316,10_316,11_316,12_316,13_316,14_316,15_316,16_316,17_316,18_316,19_316,20_316,21_316,22_316
1_317,2_317,3_317,테317,4_317,5_317,6_317,010-0000-0316,7_317,8_317,9_317,10_317,11_317,12_317,13_317,14_317,15_317,16_317,17_317,18_317,19_317,20_317,21_317,22_317
1_318,2_318,3_318,테318,4_318,5_318,6_318,010-0000-0317,7_318,8_318,9_318,10_318,11_318,12_318,13_318,14_318,15_318,16_318,17_318,18_318,19_318,20_318,21_318,22_318
1_319,2_319,3_319,테319,4_319,5_319,6_319,010-0000-0318,7_319,8_319,9_319,10_319,11_319,12_319,13_319,14_319,15_319,16_319,17_319,18_319,19_319,20_319,21_319,22_319
1_320,2_320,3_320,테320,4_320,5_320,6_320,010-0000-0319,7_320,8_320,9_320,10_320,11_320,12_320,13_320,14_320,15_320,16_320,17_320,18_320,19_320,20_320,21_320,22_320
1_321,2_321,3_321,테321,4_321,5_321,6_321,010-0000-0320,7_321,8_321,9_321,10_321,11_321,12_321,13_321,14_321,15_321,16_321,17_321,18_321,19_321,20_321,21_321,22_321
1_322,2_322,3_322,테322,4_322,5_322,6_322,010-0000-0321,7_322,8_322,9_322,10_322,11_322,12_322,13_322,14_322,15_322,16_322,17_322,18_322,19_322,20_322,21_322,22_322
1_323,2_323,3_323,테323,4_323,5_323,6_323,010-0000-0322,7_323,8_323,9_323,10_323,11_323,12_323,13_323,14_323,15_323,16_323,17_323,18_323,19_323,20_323,21_323,22_323
1_324,2_324,3_324,테324,4_324,5_324,6_324,010-0000-0323,7_324,8_324,9_324,10_324,11_324,12_324,13_324,14_324,15_324,16_324,17_324,18_324,19_324,20_324,21_324,22_324
1_325,2_325,3_325,테325,4_325,5_325,6_325,010-0000-0324,7_325,8_325,9_325,10_325,11_325,12_325,13_325,14_325,15_325,16_325,17_325,18_325,19_325,20_325,21_325,22_325
1_326,2_326,3_326,테326,4_326,5_326,6_326,010-0000-0325,7_326,8_326,9_326,10_326,11_326,12_326,13_326,14_326,15_326,16_326,17_326,18_326,19_326,20_326,21_326,22_326
1_327,2_327,3_327,테327,4_327,5_327,6_327,010-0000-0326,7_327,8_327,9_327,10_327,11_327,12_327,13_327,14_327,15_327,16_327,17_327,18_327,19_327,20_327,21_327,22_327
1_328,2_328,3_328,테328,4_328,5_328,6_328,010-0000-0327,7_328,8_328,9_328,10_328,11_328,12_328,13_328,14_328,15_328,16_328,17_328,18_328,19_328,20_328,21_328,22_328
1_329,2_329,3_329,테329,4_329,5_329,6_329,010-0000-0328,7_329,8_329,9_329,10_329,11_329,12_329,13_329,14_329,15_329,16_329,17_329,18_329,19_329,20_329,21_329,22_329
1_330,2_330,3_330,테330,4_330,5_330,6_330,010-0000-0329,7_330,8_330,9_330,10_330,11_330,12_330,13_330,14_330,15_330,16_330,17_330,18_330,19_330,20_330,21_330,22_330
1_331,2_331,3_331,테331,4_331,5_331,6_331,010-0000-0330,7_331,8_331,9_331,10_331,11_331,12_331,13_331,14_331,15_331,16_331,17_331,18_331,19_331,20_331,21_331,22_331
1_332,2_332,3_332,테332,4_332,5_332,6_332,010-0000-0331,7_332,8_332,9_332,10_332,11_332,12_332,13_332,14_332,15_332,16_332,17_332,18_332,19_332,20_332,21_332,22_332
1_333,2_333,3_333,테333,4_333,5_333,6_333,010-0000-0332,7_333,8_333,9_333,10_333,11_333,12_333,13_333,14_333,15_333,16_333,17_333,18_333,19_333,20_333,21_333,22_333
1_334,2_334,3_334,테334,4_334,5_334,6_334,010-0000-0333,7_334,8_334,9_334,10_334,11_334,12_334,13_334,14_334,15_334,16_334,17_334,18_334,19_334,20_334,21_334,22_334
1_335,2_335,3_335,테335,4_335,5_335,6_335,010-0000-0334,7_335,8_335,9_335,10_335,11_335,12_335,13_335,14_335,15_335,16_335,17_335,18_335,19_335,20_335,21_335,22_335
1_336,2_336,3_336,테336,4_336,5_336,6_336,010-0000-0335,7_336,8_336,9_336,10_336,11_336,12_336,13_336,14_336,15_336,16_336,17_336,18_336,19_336,20_336,21_336,22_336
1_337,2_337,3_337,테337,4_337,5_337,6_337,010-0000-0336,7_337,8_337,9_337,10_337,11_337,12_337,13_337,14_337,15_337,16_337,17_337,18_337,19_337,20_337,21_337,22_337
1_338,2_338,3_338,테338,4_338,5_338,6_338,010-0000-0337,7_338,8_338,9_338,10_338,11_338,12_338,13_338,14_338,15_338,16_338,17_338,18_338,19_338,20_338,21_338,22_338
1_339,2_339,3_339,테339,4_339,5_339,6_339,010-0000-0338,7_339,8_339,9_339,10_339,11_339,12_339,13_339,14_339,15_339,16_339,17_339,18_339,19_339,20_339,21_339,22_339
1_340,2_340,3_340,테340,4_340,5_340,6_340,010-0000-0339,7_340,8_340,9_340,10_340,11_340,12_340,13_340,14_340,15_340,16_340,17_340,18_340,19_340,20_340,21_340,22_340
1_341,2_341,3_341,테341,4_341,5_341,6_341,010-0000-0340,7_341,8_341,9_341,10_341,11_341,12_341,13_341,14_341,15_341,16_341,17_341,18_341,19_341,20_341,21_341,22_341
1_342,2_342,3_342,테342,4_342,5_342,6_342,010-0000-0341,7_342,8_342,9_342,10_342,11_342,12_342,13_342,14_342,15_342,16_342,17_342,18_342,19_342,20_342,21_342,22_342
1_343,2_343,3_343,테343,4_343,5_343,6_343,010-0000-0342,7_343,8_343,9_343,10_343,11_343,12_343,13_343,14_343,15_343,16_343,17_343,18_343,19_343,20_343,21_343,22_343
1_344,2_344,3_344,테344,4_344,5_344,6_344,010-0000-0343,7_344,8_344,9_344,10_344,11_344,12_344,13_344,14_344,15_344,16_344,17_344,18_344,19_344,20_344,21_344,22_344
1_345,2_345,3_345,테345,4_345,5_345,6_345,010-0000-0344,7_345,8_345,9_345,10_345,11_345,12_345,13_345,14_345,15_345,16_345,17_345,18_345,19_345,20_345,21_345,22_345
1_346,2_346,3_346,테346,4_346,5_346,6_346,010-0000-0345,7_346,8_346,9_346,10_346,11_346,12_346,13_346,14_346,15_346,16_346,17_346,18_346,19_346,20_346,21_346,22_346
1_347,2_347,3_347,테347,4_347,5_347,6_347,010-0000-0346,7_347,8_347,9_347,10_347,11_347,12_347,13_347,14_347,15_347,16_347,17_347,18_347,19_347,20_347,21_347,22_347
1_348,2_348,3_348,테348,4_348,5_348,6_348,010-0000-0347,7_348,8_348,9_348,10_348,11_348,12_348,13_348,14_348,15_348,16_348,17_348,18_348,19_348,20_348,21_348,22_348
1_349,2_349,3_349,테349,4_349,5_349,6_349,010-0000-0348,7_349,8_349,9_349,10_349,11_349,12_349,13_349,14_349,15_349,16_349,17_349,18_349,19_349,20_349,21_349,22_349
1_350,2_350,3_350,테350,4_350,5_350,6_350,010-0000-0349,7_350,8_350,9_350,10_350,11_350,12_350,13_350,14_350,15_350,16_350,17_350,18_350,19_350,20_350,21_350,22_350
1_351,2_351,3_351,테351,4_351,5_351,6_351,010-0000-0350,7_351,8_351,9_351,10_351,11_351,12_351,13_351,14_351,15_351,16_351,17_351,18_351,19_351,20_351,21_351,22_351
1_352,2_352,3_352,테352,4_352,5_352,6_352,010-0000-0351,7_352,8_352,9_352,10_352,11_352,12_352,13_352,14_352,15_352,16_352,17_352,18_352,19_352,20_352,21_352,22_352
1_353,2_353,3_353,테353,4_353,5_353,6_353,010-0000-0352,7_353,8_353,9_353,10_353,11_353,12_353,13_353,14_353,15_353,16_353,17_353,18_353,19_353,20_353,21_353,22_353
1_354,2_354,3_354,테354,4_354,5_354,6_354,010-0000-0353,7_354,8_354,9_354,10_354,11_354,12_354,13_354,14_354,15_354,16_354,17_354,18_354,19_354,20_354,21_354,22_354
1_355,2_355,3_355,테355,4_355,5_355,6_355,010-0000-0354,7_355,8_355,9_355,10_355,11_355,12_355,13_355,14_355,15_355,16_355,17_355,18_355,19_355,20_355,21_355,22_355
1_356,2_356,3_356,테356,4_356,5_356,6_356,010-0000-0355,7_356,8_356,9_356,10_356,11_356,12_356,13_356,14_356,15_356,16_356,17_356,18_356,19_356,20_356,21_356,22_356
1_357,2_357,3_357,테357,4_357,5_357,6_357,010-0000-0356,7_357,8_357,9_357,10_357,11_357,12_357,13_357,14_357,15_357,16_357,17_357,18_357,19_357,20_357,21_357,22_357
1_358,2_358,3_358,테358,4_358,5_358,6_358,010-0000-0357,7_358,8_358,9_358,10_358,11_358,12_358,13_358,14_358,15_358,16_358,17_358,18_358,19_358,20_358,21_358,22_358
1_359,2_359,3_359,테359,4_359,5_359,6_359,010-0000-0358,7_359,8_359,9_359,10_359,11_359,12_359,13_359,14_359,15_359,16_359,17_359,18_359,19_359,20_359,21_359,22_359
1_360,2_360,3_360,테360,4_360,5_360,6_360,010-0000-0359,7_360,8_360,9_360,10_360,11_360,12_360,13_360,14_360,15_360,16_360,17_360,18_360,19_360,20_360,21_360,22_360
1_361,2_361,3_361,테361,4_361,5_361,6_361,010-0000-0360,7_361,8_361,9_361,10_361,11_361,12_361,13_361,14_361,15_361,16_361,17_361,18_361,19_361,20_361,21_361,22_361
1_362,2_362,3_362,테362,4_362,5_362,6_362,010-0000-0361,7_362,8_362,9_362,10_362,11_362,12_362,13_362,14_362,15_362,16_362,17_362,18_362,19_362,20_362,21_362,22_362
1_363,2_363,3_363,테363,4_363,5_363,6_363,010-0000-0362,7_363,8_363,9_363,10_363,11_363,12_363,13_363,14_363,15_363,16_363,17_363,18_363,19_363,20_363,21_363,22_363
1_364,2_364,3_364,테364,4_364,5_364,6_364,010-0000-0363,7_364,8_364,9_364,10_364,11_364,12_364,13_364,14_364,15_364,16_364,17_364,18_364,19_364,20_364,21_364,22_364
1_365,2_365,3_365,테365,4_365,5_365,6_365,010-0000-0364,7_365,8_365,9_365,10_365,11_365,12_365,13_365,14_365,15_365,16_365,17_365,18_365,19_365,20_365,21_365,22_365
1_366,2_366,3_366,테366,4_366,5_366,6_366,010-0000-0365,7_366,8_366,9_366,10_366,11_366,12_366,13_366,14_366,15_366,16_366,17_366,18_366,19_366,20_366,21_366,22_366
1_367,2_367,3_367,테367,4_367,5_367,6_367,010-0000-0366,7_367,8_367,9_367,10_367,11_367,12_367,13_367,14_367,15_367,16_367,17_367,18_367,19_367,20_367,21_367,22_367
1_368,2_368,3_368,테368,4_368,5_368,6_368,010-0000-0367,7_368,8_368,9_368,10_368,11_368,12_368,13_368,14_368,15_368,16_368,17_368,18_368,19_368,20_368,21_368,22_368
1_369,2_369,3_369,테369,4_369,5_369,6_369,010-0000-0368,7_369,8_369,9_369,10_369,11_369,12_369,13_369,14_369,15_369,16_369,17_369,18_369,19_369,20_369,21_369,22_369
1_370,2_370,3_370,테370,4_370,5_370,6_370,010-0000-0369,7_370,8_370,9_370,10_370,11_370,12_370,13_370,14_370,15_370,16_370,17_370,18_370,19_370,20_370,21_370,22_370
1_371,2_371,3_371,테371,4_371,5_371,6_371,010-0000-0370,7_371,8_371,9_371,10_371,11_371,12_371,13_371,14_371,15_371,16_371,17_371,18_371,19_371,20_371,21_371,22_371
1_372,2_372,3_372,테372,4_372,5_372,6_372,010-0000-0371,7_372,8_372,9_372,10_372,11_372,12_372,13_372,14_372,15_372,16_372,17_372,18_372,19_372,20_372,21_372,22_372
1_373,2_373,3_373,테373,4_373,5_373,6_373,010-0000-0372,7_373,8_373,9_373,10_373,11_373,12_373,13_373,14_373,15_373,16_373,17_373,18_373,19_373,20_373,21_373,22_373
1_374,2_374,3_374,테374,4_374,5_374,6_374,010-0000-0373,7_374,8_374,9_374,10_374,11_374,12_374,13_374,14_374,15_374,16_374,17_374,18_374,19_374,20_374,21_374,22_374
1_375,2_375,3_375,테375,4_375,5_375,6_375,010-0000-0374,7_375,8_375,9_375,10_375,11_375,12_375,13_375,14_375,15_375,16_375,17_375,18_375,19_375,20_375,21_375,22_375
1_376,2_376,3_376,테376,4_376,5_376,6_376,010-0000-0375,7_376,8_376,9_376,10_376,11_376,12_376,13_376,14_376,15_376,16_376,17_376,18_376,19_376,20_376,21_376,22_376
1_377,2_377,3_377,테377,4_377,5_377,6_377,010-0000-0376,7_377,8_377,9_377,10_377,11_377,12_377,13_377,14_377,15_377,16_377,17_377,18_377,19_377,20_377,21_377,22_377
1_378,2_378,3_378,테378,4_378,5_378,6_378,010-0000-0377,7_378,8_378,9_378,10_378,11_378,12_378,13_378,14_378,15_378,16_378,17_378,18_378,19_378,20_378,21_378,22_378
1_379,2_379,3_379,테379,4_379,5_379,6_379,010-0000-0378,7_379,8_379,9_379,10_379,11_379,12_379,13_379,14_379,15_379,16_379,17_379,18_379,19_379,20_379,21_379,22_379
1_380,2_380,3_380,테380,4_380,5_380,6_380,010-0000-0379,7_380,8_380,9_380,10_380,11_380,12_380,13_380,14_380,15_380,16_380,17_380,18_380,19_380,20_380,21_380,22_380
1_381,2_381,3_381,테381,4_381,5_381,6_381,010-0000-0380,7_381,8_381,9_381,10_381,11_381,12_381,13_381,14_381,15_381,16_381,17_381,18_381,19_381,20_381,21_381,22_381
1_382,2_382,3_382,테382,4_382,5_382,6_382,010-0000-0381,7_382,8_382,9_382,10_382,11_382,12_382,13_382,14_382,15_382,16_382,17_382,18_382,19_382,20_382,21_382,22_382
1_383,2_383,3_383,테383,4_383,5_383,6_383,010-0000-0382,7_383,8_383,9_383,10_383,11_383,12_383,13_383,14_383,15_383,16_383,17_383,18_383,19_383,20_383,21_383,22_383
1_384,2_384,3_384,테384,4_384,5_384,6_384,010-0000-0383,7_384,8_384,9_384,10_384,11_384,12_384,13_384,14_384,15_384,16_384,17_384,18_384,19_384,20_384,21_384,22_384
1_385,2_385,3_385,테385,4_385,5_385,6_385,010-0000-0384,7_385,8_385,9_385,10_385,11_385,12_385,13_385,14_385,15_385,16_385,17_385,18_385,19_385,20_385,21_385,22_385
1_386,2_386,3_386,테386,4_386,5_386,6_386,010-0000-0385,7_386,8_386,9_386,10_386,11_386,12_386,13_386,14_386,15_386,16_386,17_386,18_386,19_386,20_386,21_386,22_386
1_387,2_387,3_387,테387,4_387,5_387,6_387,010-0000-0386,7_387,8_387,9_387,10_387,11_387,12_387,13_387,14_387,15_387,16_387,17_387,18_387,19_387,20_387,21_387,22_387
1_388,2_388,3_388,테388,4_388,5_388,6_388,010-0000-0387,7_388,8_388,9_388,10_388,11_388,12_388,13_388,14_388,15_388,16_388,17_388,18_388,19_388,20_388,21_388,22_388
1_389,2_389,3_389,테389,4_389,5_389,6_389,010-0000-0388,7_389,8_389,9_389,10_389,11_389,12_389,13_389,14_389,15_389,16_389,17_389,18_389,19_389,20_389,21_389,22_389
1_390,2_390,3_390,테390,4_390,5_390,6_390,010-0000-0389,7_390,8_390,9_390,10_390,11_390,12_390,13_390,14_390,15_390,16_390,17_390,18_390,19_390,20_390,21_390,22_390
1_391,2_391,3_391,테391,4_391,5_391,6_391,010-0000-0390,7_391,8_391,9_391,10_391,11_391,12_391,13_391,14_391,15_391,16_391,17_391,18_391,19_391,20_391,21_391,22_391
1_392,2_392,3_392,테392,4_392,5_392,6_392,010-0000-0391,7_392,8_392,9_392,10_392,11_392,12_392,13_392,14_392,15_392,16_392,17_392,18_392,19_392,20_392,21_392,22_392
1_393,2_393,3_393,테393,4_393,5_393,6_393,010-0000-0392,7_393,8_393,9_393,10_393,11_393,12_393,13_393,14_393,15_393,16_393,17_393,18_393,19_393,20_393,21_393,22_393
1_394,2_394,3_394,테394,4_394,5_394,6_394,010-0000-0393,7_394,8_394,9_394,10_394,11_394,12_394,13_394,14_394,15_394,16_394,17_394,18_394,19_394,20_394,21_394,22_394
1_395,2_395,3_395,테395,4_395,5_395,6_395,010-0000-0394,7_395,8_395,9_395,10_395,11_395,12_395,13_395,14_395,15_395,16_395,17_395,18_395,19_395,20_395,21_395,22_395
1_396,2_396,3_396,테396,4_396,5_396,6_396,010-0000-0395,7_396,8_396,9_396,10_396,11_396,12_396,13_396,14_396,15_396,16_396,17_396,18_396,19_396,20_396,21_396,22_396
1_397,2_397,3_397,테397,4_397,5_397,6_397,010-0000-0396,7_397,8_397,9_397,10_397,11_397,12_397,13_397,14_397,15_397,16_397,17_397,18_397,19_397,20_397,21_397,22_397
1_398,2_398,3_398,테398,4_398,5_398,6_398,010-0000-0397,7_398,8_398,9_398,10_398,11_398,12_398,13_398,14_398,15_398,16_398,17_398,18_398,19_398,20_398,21_398,22_398
1_399,2_399,3_399,테399,4_399,5_399,6_399,010-0000-0398,7_399,8_399,9_399,10_399,11_399,12_399,13_399,14_399,15_399,16_399,17_399,18_399,19_399,20_399,21_399,22_399
1_400,2_400,3_400,테400,4_400,5_400,6_400,010-0000-0399,7_400,8_400,9_400,10_400,11_400,12_400,13_400,14_400,15_400,16_400,17_400,18_400,19_400,20_400,21_400,22_400
1_401,2_401,3_401,테401,4_401,5_401,6_401,010-0000-0400,7_401,8_401,9_401,10_401,11_401,12_401,13_401,14_401,15_401,16_401,17_401,18_401,19_401,20_401,21_401,22_401
1_402,2_402,3_402,테402,4_402,5_402,6_402,010-0000-0401,7_402,8_402,9_402,10_402,11_402,12_402,13_402,14_402,15_402,16_402,17_402,18_402,19_402,20_402,21_402,22_402
1_403,2_403,3_403,테403,4_403,5_403,6_403,010-0000-0402,7_403,8_403,9_403,10_403,11_403,12_403,13_403,14_403,15_403,16_403,17_403,18_403,19_403,20_403,21_403,22_403
1_404,2_404,3_404,테404,4_404,5_404,6_404,010-0000-0403,7_404,8_404,9_404,10_404,11_404,12_404,13_404,14_404,15_404,16_404,17_404,18_404,19_404,20_404,21_404,22_404
1_405,2_405,3_405,테405,4_405,5_405,6_405,010-0000-0404,7_405,8_405,9_405,10_405,11_405,12_405,13_405,14_405,15_405,16_405,17_405,18_405,19_405,20_405,21_405,22_405
1_406,2_406,3_406,테406,4_406,5_406,6_406,010-0000-0405,7_406,8_406,9_406,10_406,11_406,12_406,13_406,14_406,15_406,16_406,17_406,18_406,19_406,20_406,21_406,22_406
1_407,2_407,3_407,테407,4_407,5_407,6_407,010-0000-0406,7_407,8_407,9_407,10_407,11_407,12_407,13_407,14_407,15_407,16_407,17_407,18_407,19_407,20_407,21_407,22_407
1_408,2_408,3_408,테408,4_408,5_408,6_408,010-0000-0407,7_408,8_408,9_408,10_408,11_408,12_408,13_408,14_408,15_408,16_408,17_408,18_408,19_408,20_408,21_408,22_408
1_409,2_409,3_409,테409,4_409,5_409,6_409,010-0000-0408,7_409,8_409,9_409,10_409,11_409,12_409,13_409,14_409,15_409,16_409,17_409,18_409,19_409,20_409,21_409,22_409
1_410,2_410,3_410,테410,4_410,5_410,6_410,010-0000-0409,7_410,8_410,9_410,10_410,11_410,12_410,13_410,14_410,15_410,16_410,17_410,18_410,19_410,20_410,21_410,22_410
1_411,2_411,3_411,테411,4_411,5_411,6_411,010-0000-0410,7_411,8_411,9_411,10_411,11_411,12_411,13_411,14_411,15_411,16_411,17_411,18_411,19_411,20_411,21_411,22_411
1_412,2_412,3_412,테412,4_412,5_412,6_412,010-0000-0411,7_412,8_412,9_412,10_412,11_412,12_412,13_412,14_412,15_412,16_412,17_412,18_412,19_412,20_412,21_412,22_412
1_413,2_413,3_413,테413,4_413,5_413,6_413,010-0000-0412,7_413,8_413,9_413,10_413,11_413,12_413,13_413,14_413,15_413,16_413,17_413,18_413,19_413,20_413,21_413,22_413
1_414,2_414,3_414,테414,4_414,5_414,6_414,010-0000-0413,7_414,8_414,9_414,10_414,11_414,12_414,13_414,14_414,15_414,16_414,17_414,18_414,19_414,20_414,21_414,22_414
1_415,2_415,3_415,테415,4_415,5_415,6_415,010-0000-0414,7_415,8_415,9_415,10_415,11_415,12_415,13_415,14_415,15_415,16_415,17_415,18_415,19_415,20_415,21_415,22_415
1_416,2_416,3_416,테416,4_416,5_416,6_416,010-0000-0415,7_416,8_416,9_416,10_416,11_416,12_416,13_416,14_416,15_416,16_416,17_416,18_416,19_416,20_416,21_416,22_416
1_417,2_417,3_417,테417,4_417,5_417,6_417,010-0000-0416,7_417,8_417,9_417,10_417,11_417,12_417,13_417,14_417,15_417,16_417,17_417,18_417,19_417,20_417,21_417,22_417
1_418,2_418,3_418,테418,4_418,5_418,6_418,010-0000-0417,7_418,8_418,9_418,10_418,11_418,12_418,13_418,14_418,15_418,16_418,17_418,18_418,19_418,20_418,21_418,22_418
1_419,2_419,3_419,테419,4_419,5_419,6_419,010-0000-0418,7_419,8_419,9_419,10_419,11_419,12_419,13_419,14_419,15_419,16_419,17_419,18_419,19_419,20_419,21_419,22_419
1_420,2_420,3_420,테420,4_420,5_420,6_420,010-0000-0419,7_420,8_420,9_420,10_420,11_420,12_420,13_420,14_420,15_420,16_420,17_420,18_420,19_420,20_420,21_420,22_420
1_421,2_421,3_421,테421,4_421,5_421,6_421,010-0000-0420,7_421,8_421,9_421,10_421,11_421,12_421,13_421,14_421,15_421,16_421,17_421,18_421,19_421,20_421,21_421,22_421
1_422,2_422,3_422,테422,4_422,5_422,6_422,010-0000-0421,7_422,8_422,9_422,10_422,11_422,12_422,13_422,14_422,15_422,16_422,17_422,18_422,19_422,20_422,21_422,22_422
1_423,2_423,3_423,테423,4_423,5_423,6_423,010-0000-0422,7_423,8_423,9_423,10_423,11_423,12_423,13_423,14_423,15_423,16_423,17_423,18_423,19_423,20_423,21_423,22_423
1_424,2_424,3_424,테424,4_424,5_424,6_424,010-0000-0423,7_424,8_424,9_424,10_424,11_424,12_424,13_424,14_424,15_424,16_424,17_424,18_424,19_424,20_424,21_424,22_424
1_425,2_425,3_425,테425,4_425,5_425,6_425,010-0000-0424,7_425,8_425,9_425,10_425,11_425,12_425,13_425,14_425,15_425,16_425,17_425,18_425,19_425,20_425,21_425,22_425
1_426,2_426,3_426,테426,4_426,5_426,6_426,010-0000-0425,7_426,8_426,9_426,10_426,11_426,12_426,13_426,14_426,15_426,16_426,17_426,18_426,19_426,20_426,21_426,22_426
1_427,2_427,3_427,테427,4_427,5_427,6_427,010-0000-0426,7_427,8_427,9_427,10_427,11_427,12_427,13_427,14_427,15_427,16_427,17_427,18_427,19_427,20_427,21_427,22_427
1_428,2_428,3_428,테428,4_428,5_428,6_428,010-0000-0427,7_428,8_428,9_428,10_428,11_428,12_428,13_428,14_428,15_428,16_428,17_428,18_428,19_428,20_428,21_428,22_428
1_429,2_429,3_429,테429,4_429,5_429,6_429,010-0000-0428,7_429,8_429,9_429,10_429,11_429,12_429,13_429,14_429,15_429,16_429,17_429,18_429,19_429,20_429,21_429,22_429
1_430,2_430,3_430,테430,4_430,5_430,6_430,010-0000-0429,7_430,8_430,9_430,10_430,11_430,12_430,13_430,14_430,15_430,16_430,17_430,18_430,19_430,20_430,21_430,22_430
1_431,2_431,3_431,테431,4_431,5_431,6_431,010-0000-0430,7_431,8_431,9_431,10_431,11_431,12_431,13_431,14_431,15_431,16_431,17_431,18_431,19_431,20_431,21_431,22_431
1_432,2_432,3_432,테432,4_432,5_432,6_432,010-0000-0431,7_432,8_432,9_432,10_432,11_432,12_432,13_432,14_432,15_432,16_432,17_432,18_432,19_432,20_432,21_432,22_432
1_433,2_433,3_433,테433,4_433,5_433,6_433,010-0000-0432,7_433,8_433,9_433,10_433,11_433,12_433,13_433,14_433,15_433,16_433,17_433,18_433,19_433,20_433,21_433,22_433
1_434,2_434,3_434,테434,4_434,5_434,6_434,010-0000-0433,7_434,8_434,9_434,10_434,11_434,12_434,13_434,14_434,15_434,16_434,17_434,18_434,19_434,20_434,21_434,22_434
1_435,2_435,3_435,테435,4_435,5_435,6_435,010-0000-0434,7_435,8_435,9_435,10_435,11_435,12_435,13_435,14_435,15_435,16_435,17_435,18_435,19_435,20_435,21_435,22_435
1_436,2_436,3_436,테436,4_436,5_436,6_436,010-0000-0435,7_436,8_436,9_436,10_436,11_436,12_436,13_436,14_436,15_436,16_436,17_436,18_436,19_436,20_436,21_436,22_436
1_437,2_437,3_437,테437,4_437,5_437,6_437,010-0000-0436,7_437,8_437,9_437,10_437,11_437,12_437,13_437,14_437,15_437,16_437,17_437,18_437,19_437,20_437,21_437,22_437
1_438,2_438,3_438,테438,4_438,5_438,6_438,010-0000-0437,7_438,8_438,9_438,10_438,11_438,12_438,13_438,14_438,15_438,16_438,17_438,18_438,19_438,20_438,21_438,22_438
1_439,2_439,3_439,테439,4_439,5_439,6_439,010-0000-0438,7_439,8_439,9_439,10_439,11_439,12_439,13_439,14_439,15_439,16_439,17_439,18_439,19_439,20_439,21_439,22_439
1_440,2_440,3_440,테440,4_440,5_440,6_440,010-0000-0439,7_440,8_440,9_440,10_440,11_440,12_440,13_440,14_440,15_440,16_440,17_440,18_440,19_440,20_440,21_440,22_440
1_441,2_441,3_441,테441,4_441,5_441,6_441,010-0000-0440,7_441,8_441,9_441,10_441,11_441,12_441,13_441,14_441,15_441,16_441,17_441,18_441,19_441,20_441,21_441,22_441
1_442,2_442,3_442,테442,4_442,5_442,6_442,010-0000-0441,7_442,8_442,9_442,10_442,11_442,12_442,13_442,14_442,15_442,16_442,17_442,18_442,19_442,20_442,21_442,22_442
1_443,2_443,3_443,테443,4_443,5_443,6_443,010-0000-0442,7_443,8_443,9_443,10_443,11_443,12_443,13_443,14_443,15_443,16_443,17_443,18_443,19_443,20_443,21_443,22_443
1_444,2_444,3_444,테444,4_444,5_444,6_444,010-0000-0443,7_444,8_444,9_444,10_444,11_444,12_444,13_444,14_444,15_444,16_444,17_444,18_444,19_444,20_444,21_444,22_444
1_445,2_445,3_445,테445,4_445,5_445,6_445,010-0000-0444,7_445,8_445,9_445,10_445,11_445,12_445,13_445,14_445,15_445,16_445,17_445,18_445,19_445,20_445,21_445,22_445
1_446,2_446,3_446,테446,4_446,5_446,6_446,010-0000-0445,7_446,8_446,9_446,10_446,11_446,12_446,13_446,14_446,15_446,16_446,17_446,18_446,19_446,20_446,21_446,22_446
1_447,2_447,3_447,테447,4_447,5_447,6_447,010-0000-0446,7_447,8_447,9_447,10_447,11_447,12_447,13_447,14_447,15_447,16_447,17_447,18_447,19_447,20_447,21_447,22_447
1_448,2_448,3_448,테448,4_448,5_448,6_448,010-0000-0447,7_448,8_448,9_448,10_448,11_448,12_448,13_448,14_448,15_448,16_448,17_448,18_448,19_448,20_448,21_448,22_448
1_449,2_449,3_449,테449,4_449,5_449,6_449,010-0000-0448,7_449,8_449,9_449,10_449,11_449,12_449,13_449,14_449,15_449,16_449,17_449,18_449,19_449,20_449,21_449,22_449
1_450,2_450,3_450,테450,4_450,5_450,6_450,010-0000-0449,7_450,8_450,9_450,10_450,11_450,12_450,13_450,14_450,15_450,16_450,17_450,18_450,19_450,20_450,21_450,22_450
1_451,2_451,3_451,테451,4_451,5_451,6_451,010-0000-0450,7_451,8_451,9_451,10_451,11_451,12_451,13_451,14_451,15_451,16_451,17_451,18_451,19_451,20_451,21_451,22_451
1_452,2_452,3_452,테452,4_452,5_452,6_452,010-0000-0451,7_452,8_452,9_452,10_452,11_452,12_452,13_452,14_452,15_452,16_452,17_452,18_452,19_452,20_452,21_452,22_452
1_453,2_453,3_453,테453,4_453,5_453,6_453,010-0000-0452,7_453,8_453,9_453,10_453,11_453,12_453,13_453,14_453,15_453,16_453,17_453,18_453,19_453,20_453,21_453,22_453
1_454,2_454,3_454,테454,4_454,5_454,6_454,010-0000-0453,7_454,8_454,9_454,10_454,11_454,12_454,13_454,14_454,15_454,16_454,17_454,18_454,19_454,20_454,21_454,22_454
1_455,2_455,3_455,테455,4_455,5_455,6_455,010-0000-0454,7_455,8_455,9_455,10_455,11_455,12_455,13_455,14_455,15_455,16_455,17_455,18_455,19_455,20_455,21_455,22_455
1_456,2_456,3_456,테456,4_456,5_456,6_456,010-0000-0455,7_456,8_456,9_456,10_456,11_456,12_456,13_456,14_456,15_456,16_456,17_456,18_456,19_456,20_456,21_456,22_456
1_457,2_457,3_457,테457,4_457,5_457,6_457,010-0000-0456,7_457,8_457,9_457,10_457,11_457,12_457,13_457,14_457,15_457,16_457,17_457,18_457,19_457,20_457,21_457,22_457
1_458,2_458,3_458,테458,4_458,5_458,6_458,010-0000-0457,7_458,8_458,9_458,10_458,11_458,12_458,13_458,14_458,15_458,16_458,17_458,18_458,19_458,20_458,21_458,22_458
1_459,2_459,3_459,테459,4_459,5_459,6_459,010-0000-0458,7_459,8_459,9_459,10_459,11_459,12_459,13_459,14_459,15_459,16_459,17_459,18_459,19_459,20_459,21_459,22_459
1_460,2_460,3_460,테460,4_460,5_460,6_460,010-0000-0459,7_460,8_460,9_460,10_460,11_460,12_460,13_460,14_460,15_460,16_460,17_460,18_460,19_460,20_460,21_460,22_460
1_461,2_461,3_461,테461,4_461,5_461,6_461,010-0000-0460,7_461,8_461,9_461,10_461,11_461,12_461,13_461,14_461,15_461,16_461,17_461,18_461,19_461,20_461,21_461,22_461
1_462,2_462,3_462,테462,4_462,5_462,6_462,010-0000-0461,7_462,8_462,9_462,10_462,11_462,12_462,13_462,14_462,15_462,16_462,17_462,18_462,19_462,20_462,21_462,22_462
1_463,2_463,3_463,테463,4_463,5_463,6_463,010-0000-0462,7_463,8_463,9_463,10_463,11_463,12_463,13_463,14_463,15_463,16_463,17_463,18_463,19_463,20_463,21_463,22_463
1_464,2_464,3_464,테464,4_464,5_464,6_464,010-0000-0463,7_464,8_464,9_464,10_464,11_464,12_464,13_464,14_464,15_464,16_464,17_464,18_464,19_464,20_464,21_464,22_464
1_465,2_465,3_465,테465,4_465,5_465,6_465,010-0000-0464,7_465,8_465,9_465,10_465,11_465,12_465,13_465,14_465,15_465,16_465,17_465,18_465,19_465,20_465,21_465,22_465
1_466,2_466,3_466,테466,4_466,5_466,6_466,010-0000-0465,7_466,8_466,9_466,10_466,11_466,12_466,13_466,14_466,15_466,16_466,17_466,18_466,19_466,20_466,21_466,22_466
1_467,2_467,3_467,테467,4_467,5_467,6_467,010-0000-0466,7_467,8_467,9_467,10_467,11_467,12_467,13_467,14_467,15_467,16_467,17_467,18_467,19_467,20_467,21_467,22_467
1_468,2_468,3_468,테468,4_468,5_468,6_468,010-0000-0467,7_468,8_468,9_468,10_468,11_468,12_468,13_468,14_468,15_468,16_468,17_468,18_468,19_468,20_468,21_468,22_468
1_469,2_469,3_469,테469,4_469,5_469,6_469,010-0000-0468,7_469,8_469,9_469,10_469,11_469,12_469,13_469,14_469,15_469,16_469,17_469,18_469,19_469,20_469,21_469,22_469
1_470,2_470,3_470,테470,4_470,5_470,6_470,010-0000-0469,7_470,8_470,9_470,10_470,11_470,12_470,13_470,14_470,15_470,16_470,17_470,18_470,19_470,20_470,21_470,22_470
1_471,2_471,3_471,테471,4_471,5_471,6_471,010-0000-0470,7_471,8_471,9_471,10_471,11_471,12_471,13_471,14_471,15_471,16_471,17_471,18_471,19_471,20_471,21_471,22_471
1_472,2_472,3_472,테472,4_472,5_472,6_472,010-0000-0471,7_472,8_472,9_472,10_472,11_472,12_472,13_472,14_472,15_472,16_472,17_472,18_472,19_472,20_472,21_472,22_472
1_473,2_473,3_473,테473,4_473,5_473,6_473,010-0000-0472,7_473,8_473,9_473,10_473,11_473,12_473,13_473,14_473,15_473,16_473,17_473,18_473,19_473,20_473,21_473,22_473
1_474,2_474,3_474,테474,4_474,5_474,6_474,010-0000-0473,7_474,8_474,9_474,10_474,11_474,12_474,13_474,14_474,15_474,16_474,17_474,18_474,19_474,20_474,21_474,22_474
1_475,2_475,3_475,테475,4_475,5_475,6_475,010-0000-0474,7_475,8_475,9_475,10_475,11_475,12_475,13_475,14_475,15_475,16_475,17_475,18_475,19_475,20_475,21_475,22_475
1_476,2_476,3_476,테476,4_476,5_476,6_476,010-0000-0475,7_476,8_476,9_476,10_476,11_476,12_476,13_476,14_476,15_476,16_476,17_476,18_476,19_476,20_476,21_476,22_476
1_477,2_477,3_477,테477,4_477,5_477,6_477,010-0000-0476,7_477,8_477,9_477,10_477,11_477,12_477,13_477,14_477,15_477,16_477,17_477,18_477,19_477,20_477,21_477,22_477
1_478,2_478,3_478,테478,4_478,5_478,6_478,010-0000-0477,7_478,8_478,9_478,10_478,11_478,12_478,13_478,14_478,15_478,16_478,17_478,18_478,19_478,20_478,21_478,22_478
1_479,2_479,3_479,테479,4_479,5_479,6_479,010-0000-0478,7_479,8_479,9_479,10_479,11_479,12_479,13_479,14_479,15_479,16_479,17_479,18_479,19_479,20_479,21_479,22_479
1_480,2_480,3_480,테480,4_480,5_480,6_480,010-0000-0479,7_480,8_480,9_480,10_480,11_480,12_480,13_480,14_480,15_480,16_480,17_480,18_480,19_480,20_480,21_480,22_480
1_481,2_481,3_481,테481,4_481,5_481,6_481,010-0000-0480,7_481,8_481,9_481,10_481,11_481,12_481,13_481,14_481,15_481,16_481,17_481,18_481,19_481,20_481,21_481,22_481
1_482,2_482,3_482,테482,4_482,5_482,6_482,010-0000-0481,7_482,8_482,9_482,10_482,11_482,12_482,13_482,14_482,15_482,16_482,17_482,18_482,19_482,20_482,21_482,22_482
1_483,2_483,3_483,테483,4_483,5_483,6_483,010-0000-0482,7_483,8_483,9_483,10_483,11_483,12_483,13_483,14_483,15_483,16_483,17_483,18_483,19_483,20_483,21_483,22_483
1_484,2_484,3_484,테484,4_484,5_484,6_484,010-0000-0483,7_484,8_484,9_484,10_484,11_484,12_484,13_484,14_484,15_484,16_484,17_484,18_484,19_484,20_484,21_484,22_484
1_485,2_485,3_485,테485,4_485,5_485,6_485,010-0000-0484,7_485,8_485,9_485,10_485,11_485,12_485,13_485,14_485,15_485,16_485,17_485,18_485,19_485,20_485,21_485,22_485
1_486,2_486,3_486,테486,4_486,5_486,6_486,010-0000-0485,7_486,8_486,9_486,10_486,11_486,12_486,13_486,14_486,15_486,16_486,17_486,18_486,19_486,20_486,21_486,22_486
1_487,2_487,3_487,테487,4_487,5_487,6_487,010-0000-0486,7_487,8_487,9_487,10_487,11_487,12_487,13_487,14_487,15_487,16_487,17_487,18_487,19_487,20_487,21_487,22_487
1_488,2_488,3_488,테488,4_488,5_488,6_488,010-0000-0487,7_488,8_488,9_488,10_488,11_488,12_488,13_488,14_488,15_488,16_488,17_488,18_488,19_488,20_488,21_488,22_488
1_489,2_489,3_489,테489,4_489,5_489,6_489,010-0000-0488,7_489,8_489,9_489,10_489,11_489,12_489,13_489,14_489,15_489,16_489,17_489,18_489,19_489,20_489,21_489,22_489
1_490,2_490,3_490,테490,4_490,5_490,6_490,010-0000-0489,7_490,8_490,9_490,10_490,11_490,12_490,13_490,14_490,15_490,16_490,17_490,18_490,19_490,20_490,21_490,22_490
1_491,2_491,3_491,테491,4_491,5_491,6_491,010-0000-0490,7_491,8_491,9_491,10_491,11_491,12_491,13_491,14_491,15_491,16_491,17_491,18_491,19_491,20_491,21_491,22_491
1_492,2_492,3_492,테492,4_492,5_492,6_492,010-0000-0491,7_492,8_492,9_492,10_492,11_492,12_492,13_492,14_492,15_492,16_492,17_492,18_492,19_492,20_492,21_492,22_492
1_493,2_493,3_493,테493,4_493,5_493,6_493,010-0000-0492,7_493,8_493,9_493,10_493,11_493,12_493,13_493,14_493,15_493,16_493,17_493,18_493,19_493,20_493,21_493,22_493
1_494,2_494,3_494,테494,4_494,5_494,6_494,010-0000-0493,7_494,8_494,9_494,10_494,11_494,12_494,13_494,14_494,15_494,16_494,17_494,18_494,19_494,20_494,21_494,22_494
1_495,2_495,3_495,테495,4_495,5_495,6_495,010-0000-0494,7_495,8_495,9_495,10_495,11_495,12_495,13_495,14_495,15_495,16_495,17_495,18_495,19_495,20_495,21_495,22_495
1_496,2_496,3_496,테496,4_496,5_496,6_496,010-0000-0495,7_496,8_496,9_496,10_496,11_496,12_496,13_496,14_496,15_496,16_496,17_496,18_496,19_496,20_496,21_496,22_496
1_497,2_497,3_497,테497,4_497,5_497,6_497,010-0000-0496,7_497,8_497,9_497,10_497,11_497,12_497,13_497,14_497,15_497,16_497,17_497,18_497,19_497,20_497,21_497,22_497
1_498,2_498,3_498,테498,4_498,5_498,6_498,010-0000-0497,7_498,8_498,9_498,10_498,11_498,12_498,13_498,14_498,15_498,16_498,17_498,18_498,19_498,20_498,21_498,22_498
1_499,2_499,3_499,테499,4_499,5_499,6_499,010-0000-0498,7_499,8_499,9_499,10_499,11_499,12_499,13_499,14_499,15_499,16_499,17_499,18_499,19_499,20_499,21_499,22_499
1_500,2_500,3_500,테500,4_500,5_500,6_500,010-0000-0499,7_500,8_500,9_500,10_500,11_500,12_500,13_500,14_500,15_500,16_500,17_500,18_500,19_500,20_500,21_500,22_500
